name,price,rating,review_count,discount_percentage,image_url,product_url,rank
샤오미 스마트 무선 스탠드 선풍기2 Pro BPLDS03DM,134720,5.0,2445,55,//thumbnail9.coupangcdn.com/thumbnails/remote/230x230ex/image/retail/images/7986532980511924-93580368-4ee6-4843-b028-7102dbe7341e.jpg,https://www.coupang.com/vp/products/7266364764?itemId=18520563622&searchId=86a94198516f45c7ae70e3d282d37e64&sourceType=brandstore_sdp_atf_topbadge-all_products&storeId=206142&subSourceType=brandstore_sdp_atf_topbadge-all_products&vendorId=A01321495&vendorItemId=81820078788,1
"샤오미 레드미 버즈 6 플레이 블루투스 이어폰, M2420E1, 블랙",16900,4.5,666,,//thumbnail8.coupangcdn.com/thumbnails/remote/230x230ex/image/retail/images/2025/04/14/18/1/52b172eb-e4d3-4246-9ad9-250d73f43ce3.jpg,https://www.coupang.com/vp/products/8717109724?itemId=25318727006&searchId=86a94198516f45c7ae70e3d282d37e64&sourceType=brandstore_sdp_atf_topbadge-all_products&storeId=206142&subSourceType=brandstore_sdp_atf_topbadge-all_products&vendorId=A01321495&vendorItemId=92313729450,2
"샤오미 미밴드 9 액티브 스마트밴드, 블랙, 37mm, 블루투스",46900,5.0,163,,//thumbnail9.coupangcdn.com/thumbnails/remote/230x230ex/image/retail/images/2025/03/18/12/7/23cbbef9-b107-4a75-9246-51d4e153591f.png,https://www.coupang.com/vp/products/8658102358?itemId=25128634502&searchId=86a94198516f45c7ae70e3d282d37e64&sourceType=brandstore_sdp_atf_topbadge-all_products&storeId=206142&subSourceType=brandstore_sdp_atf_topbadge-all_products&vendorId=A01321495&vendorItemId=92127805789,3
"샤오미 미밴드 9 스마트밴드, 아틱 블루, 4.1cm, 블루투스",48800,5.0,1143,27,//thumbnail10.coupangcdn.com/thumbnails/remote/230x230ex/image/1025_amir_coupang_oct_80k/a8f7/ae0ec8b661737b7ebd5e3b28b40800a18c7961601f56b621dc503ef6613f.jpg,https://www.coupang.com/vp/products/8263119298?itemId=23806419366&searchId=86a94198516f45c7ae70e3d282d37e64&sourceType=brandstore_sdp_atf_topbadge-all_products&storeId=206142&subSourceType=brandstore_sdp_atf_topbadge-all_products&vendorId=A01321495&vendorItemId=90830275273,4
"샤오미 레드미 워치 5, 실버그레이, 47.5mm, GPS + 블루투스",119800,5.0,901,32,//thumbnail9.coupangcdn.com/thumbnails/remote/230x230ex/image/vendor_inventory/7330/f6ff3968330624f1dfbe3a159d944372a21ff9c9736e14444245f2c061f1.jpg,https://www.coupang.com/vp/products/8538118519?itemId=24717812226&searchId=86a94198516f45c7ae70e3d282d37e64&sourceType=brandstore_sdp_atf_topbadge-all_products&storeId=206142&subSourceType=brandstore_sdp_atf_topbadge-all_products&vendorId=A01321495&vendorItemId=91727118789,5
"샤오미 스마트 타워 팬 2 BPTS02DMKR, 1개",98800,5.0,29,,//thumbnail7.coupangcdn.com/thumbnails/remote/230x230ex/image/retail/images/2025/04/14/17/2/52bd3fbf-3bfe-413e-b332-5de3cc767704.png,https://www.coupang.com/vp/products/8715702040?itemId=25313926079&searchId=86a94198516f45c7ae70e3d282d37e64&sourceType=brandstore_sdp_atf_topbadge-all_products&storeId=206142&subSourceType=brandstore_sdp_atf_topbadge-all_products&vendorId=A01321495&vendorItemId=92308981670,6
"샤오미 무선 핸디 차량용청소기, SSXCQ01XY, 혼합색상",61150,4.5,3571,,//thumbnail7.coupangcdn.com/thumbnails/remote/230x230ex/image/vendor_inventory/db58/1956de8fc1c1f33c6331d7cc736870064e1cf516337aee09803704c458f4.jpg,https://www.coupang.com/vp/products/5033702070?itemId=6762082185&searchId=86a94198516f45c7ae70e3d282d37e64&sourceType=brandstore_sdp_atf_topbadge-all_products&storeId=206142&subSourceType=brandstore_sdp_atf_topbadge-all_products&vendorId=A01321495&vendorItemId=74054886899,7
"샤오미 미밴드 9 액티브 스마트밴드, 베이지 화이트, 37mm, 블루투스",46900,5.0,163,,//thumbnail7.coupangcdn.com/thumbnails/remote/230x230ex/image/retail/images/2025/03/18/11/8/293e479d-6bc7-4138-bd43-2502875d17f8.png,https://www.coupang.com/vp/products/8658102358?itemId=25128180930&searchId=86a94198516f45c7ae70e3d282d37e64&sourceType=brandstore_sdp_atf_topbadge-all_products&storeId=206142&subSourceType=brandstore_sdp_atf_topbadge-all_products&vendorId=A01321495&vendorItemId=92127362329,8
샤오미 헤어 클리퍼 전문가용 이발기 LFQ03KL,32330,5.0,347,33,//thumbnail10.coupangcdn.com/thumbnails/remote/230x230ex/image/1025_amir_coupang_oct_80k/1574/9ba86993010bdb4f53075456baf8b8d47e428061ca0e6380016af8dcea54.jpg,https://www.coupang.com/vp/products/7136842527?itemId=17909530559&searchId=86a94198516f45c7ae70e3d282d37e64&sourceType=brandstore_sdp_atf_topbadge-all_products&storeId=206142&subSourceType=brandstore_sdp_atf_topbadge-all_products&vendorId=A01321495&vendorItemId=85072226469,9
"샤오미 레드미 버즈 6 라이트 블루투스 이어폰, 블랙, M2349E1",29900,4.5,168,2,//thumbnail9.coupangcdn.com/thumbnails/remote/230x230ex/image/retail/images/2025/01/06/18/9/4963cb57-57bd-486f-803a-b86091769c95.png,https://www.coupang.com/vp/products/8709381783?itemId=25292708918&searchId=86a94198516f45c7ae70e3d282d37e64&sourceType=brandstore_sdp_atf_topbadge-all_products&storeId=206142&subSourceType=brandstore_sdp_atf_topbadge-all_products&vendorId=A01321495&vendorItemId=91729076885,10
"샤오미 레드미 14C 4GB, 미드나이트블랙, 128GB",129600,4.5,179,13,//thumbnail7.coupangcdn.com/thumbnails/remote/230x230ex/image/vendor_inventory/8cfe/1c6384a05bdb830411badddf63a893c88f62e7c9459996fcbbcda4f6b7a6.jpg,https://www.coupang.com/vp/products/8401473692?itemId=24285892087&searchId=86a94198516f45c7ae70e3d282d37e64&sourceType=brandstore_sdp_atf_topbadge-all_products&storeId=206142&subSourceType=brandstore_sdp_atf_topbadge-all_products&vendorId=A01321495&vendorItemId=91302150139,11
"샤오미 33W 보조배터리 20000mah, PB2030MI, PB2030MI(다크네이비)",36800,5.0,133,61,//thumbnail8.coupangcdn.com/thumbnails/remote/230x230ex/image/retail/images/2025/01/03/14/2/5561b2ad-c88f-46d9-8505-b55a20f0dc32.jpg,https://www.coupang.com/vp/products/8424594792?itemId=24371870804&searchId=86a94198516f45c7ae70e3d282d37e64&sourceType=brandstore_sdp_atf_topbadge-all_products&storeId=206142&subSourceType=brandstore_sdp_atf_topbadge-all_products&vendorId=A01321495&vendorItemId=91716685578,12
"샤오미 미밴드 9 프로 스마트밴드, 옵시디언 블랙, 4.6cm, GPS + 블루투스",89800,5.0,253,,//thumbnail9.coupangcdn.com/thumbnails/remote/230x230ex/image/vendor_inventory/ddcd/85cd4e1c3b6e48fe6c151e03228bb9ac2f4ef98ac811a792c2a6b9b74ff4.jpg,https://www.coupang.com/vp/products/8538655554?itemId=24719662612&searchId=86a94198516f45c7ae70e3d282d37e64&sourceType=brandstore_sdp_atf_topbadge-all_products&storeId=206142&subSourceType=brandstore_sdp_atf_topbadge-all_products&vendorId=A01321495&vendorItemId=91728914772,13
샤오미 스마트 공기청정기 4 컴팩트 AC-M18-SC 27㎡,99800,4.5,474,49,//thumbnail6.coupangcdn.com/thumbnails/remote/230x230ex/image/retail/images/232907038635726-5e536d2e-7210-4ae5-860a-290c369100fa.jpg,https://www.coupang.com/vp/products/7496025056?itemId=19611759123&searchId=86a94198516f45c7ae70e3d282d37e64&sourceType=brandstore_sdp_atf_topbadge-all_products&storeId=206142&subSourceType=brandstore_sdp_atf_topbadge-all_products&vendorId=A01321495&vendorItemId=86694699389,14
샤오미 스마트 공기청정기 4 라이트 AC-M17-SC 43㎡,157200,5.0,787,47,//thumbnail8.coupangcdn.com/thumbnails/remote/230x230ex/image/retail/images/574132520283288-248797a2-ac96-46a1-9038-2dad9a9028e2.jpg,https://www.coupang.com/vp/products/7136722508?itemId=17909012135&searchId=86a94198516f45c7ae70e3d282d37e64&sourceType=brandstore_sdp_atf_topbadge-all_products&storeId=206142&subSourceType=brandstore_sdp_atf_topbadge-all_products&vendorId=A01321495&vendorItemId=85071713218,15
"샤오미 미밴드 9 액티브 스마트밴드, 핑크, 37mm, 블루투스",46900,5.0,163,,//thumbnail6.coupangcdn.com/thumbnails/remote/230x230ex/image/retail/images/2025/03/18/10/5/3f2b3c0e-8e91-443e-b736-611c11f363a5.png,https://www.coupang.com/vp/products/8658102358?itemId=25127894141&searchId=86a94198516f45c7ae70e3d282d37e64&sourceType=brandstore_sdp_atf_topbadge-all_products&storeId=206142&subSourceType=brandstore_sdp_atf_topbadge-all_products&vendorId=A01321495&vendorItemId=92127083381,16
"샤오미 미밴드 9 프로 스마트밴드, 문라이트 실버, 4.6cm, GPS + 블루투스",89800,5.0,253,,//thumbnail10.coupangcdn.com/thumbnails/remote/230x230ex/image/retail/images/2025/01/06/17/0/c78bbc17-37c3-4b1e-9a23-8e60f25b5e25.png,https://www.coupang.com/vp/products/8538655554?itemId=24719662614&searchId=86a94198516f45c7ae70e3d282d37e64&sourceType=brandstore_sdp_atf_topbadge-all_products&storeId=206142&subSourceType=brandstore_sdp_atf_topbadge-all_products&vendorId=A01321495&vendorItemId=91728914790,17
"샤오미 120W 나노 하이퍼 C타입 충전기 콤보, WHITE (화이트), 1개",34800,4.5,67,,//thumbnail8.coupangcdn.com/thumbnails/remote/230x230ex/image/retail/images/2025/02/20/18/2/8072ede2-87a4-4fd8-8986-0d97c91980f1.jpg,https://www.coupang.com/vp/products/8609415242?itemId=24969569211&searchId=86a94198516f45c7ae70e3d282d37e64&sourceType=brandstore_sdp_atf_topbadge-all_products&storeId=206142&subSourceType=brandstore_sdp_atf_topbadge-all_products&vendorId=A01321495&vendorItemId=91975168253,18
"샤오미 레드미 패드 SE 태블릿PC 8.7 4GB, 오로라 그린, 64GB, Wi-Fi",129800,4.5,91,13,//thumbnail9.coupangcdn.com/thumbnails/remote/230x230ex/image/vendor_inventory/1df6/21f8048895c37a99253649a25dfffd28d2da16490c173f0cd0eb2b31aee9.jpg,https://www.coupang.com/vp/products/8411152896?itemId=24319944960&searchId=86a94198516f45c7ae70e3d282d37e64&sourceType=brandstore_sdp_atf_topbadge-all_products&storeId=206142&subSourceType=brandstore_sdp_atf_topbadge-all_products&vendorId=A01321495&vendorItemId=91335703335,19
"샤오미 스마트 카메라 C400 실내용, MJSXJ23CM, 1개",61110,5.0,68,2,//thumbnail7.coupangcdn.com/thumbnails/remote/230x230ex/image/retail/images/2024/05/30/9/7/a779fe26-22b3-4407-85c5-c193a4f5fe23.jpg,https://www.coupang.com/vp/products/8134838710?itemId=23106484249&searchId=86a94198516f45c7ae70e3d282d37e64&sourceType=brandstore_sdp_atf_topbadge-all_products&storeId=206142&subSourceType=brandstore_sdp_atf_topbadge-all_products&vendorId=A01321495&vendorItemId=90139776999,20
"샤오미 레드미 패드 SE 태블릿PC 8.7 4GB, 그래파이트 그레이, 64GB, Wi-Fi",129800,4.5,91,13,//thumbnail9.coupangcdn.com/thumbnails/remote/230x230ex/image/vendor_inventory/2313/debe7bc84ec81ff4367e55f37fe9180a29b6d98e087353cb9077780ad80e.jpg,https://www.coupang.com/vp/products/8411152896?itemId=24319944954&searchId=3483c5d07a3347e5ab47d5a0a19096e2&sourceType=brandstore_sdp_atf_topbadge-all_products&storeId=206142&subSourceType=brandstore_sdp_atf_topbadge-all_products&vendorId=A01321495&vendorItemId=91335703316,21
"샤오미 먼지 진드기 진공 청소기 Pro B402HW, 흰색",72540,4.5,21,3,//thumbnail8.coupangcdn.com/thumbnails/remote/230x230ex/image/retail/images/2025/03/10/13/4/5cbbec8f-c339-4bd0-800e-085a83f2f07c.jpg,https://www.coupang.com/vp/products/8639816638?itemId=25072211677&searchId=3483c5d07a3347e5ab47d5a0a19096e2&sourceType=brandstore_sdp_atf_topbadge-all_products&storeId=206142&subSourceType=brandstore_sdp_atf_topbadge-all_products&vendorId=A01321495&vendorItemId=92076278307,22
"샤오미 스마트 카메라 C500 Pro 실내용, MJSXJ16CM, 1개",63540,5.0,56,1,//thumbnail7.coupangcdn.com/thumbnails/remote/230x230ex/image/retail/images/2024/05/30/9/8/be264e9e-4f70-49ac-804d-19aebc903f39.jpg,https://www.coupang.com/vp/products/8134835602?itemId=23106466054&searchId=3483c5d07a3347e5ab47d5a0a19096e2&sourceType=brandstore_sdp_atf_topbadge-all_products&storeId=206142&subSourceType=brandstore_sdp_atf_topbadge-all_products&vendorId=A01321495&vendorItemId=90139759694,23
"샤오미 레드미 워치 5 액티브, 매트실버, 4.91cm, 블루투스",49800,5.0,290,,//thumbnail8.coupangcdn.com/thumbnails/remote/230x230ex/image/retail/images/2024/12/11/9/9/15bd3f4f-236a-4d9f-a5e6-4d620824d273.png,https://www.coupang.com/vp/products/8500395232?itemId=24606483164&searchId=3483c5d07a3347e5ab47d5a0a19096e2&sourceType=brandstore_sdp_atf_topbadge-all_products&storeId=206142&subSourceType=brandstore_sdp_atf_topbadge-all_products&vendorId=A01321495&vendorItemId=91617880173,24
"샤오미 20W 울트라 슬림 보조배터리 5000mah C타입, 스페이스 그레이, PB0520MI",28800,5.0,38,67,//thumbnail10.coupangcdn.com/thumbnails/remote/230x230ex/image/retail/images/2025/01/07/17/8/d8fd493c-962d-4920-bc03-f7269aec7711.jpg,https://www.coupang.com/vp/products/8540039458?itemId=24724735022&searchId=3483c5d07a3347e5ab47d5a0a19096e2&sourceType=brandstore_sdp_atf_topbadge-all_products&storeId=206142&subSourceType=brandstore_sdp_atf_topbadge-all_products&vendorId=A01321495&vendorItemId=91733893492,25
"샤오미 포코 X7 Pro 자급제, 블랙, 256GB",448000,5.0,290,,//thumbnail6.coupangcdn.com/thumbnails/remote/230x230ex/image/retail/images/2025/02/24/17/9/bb407169-bbf9-4913-8b0c-3aafff6a4598.jpg,https://www.coupang.com/vp/products/8615468071?itemId=24991719950&searchId=3483c5d07a3347e5ab47d5a0a19096e2&sourceType=brandstore_sdp_atf_topbadge-all_products&storeId=206142&subSourceType=brandstore_sdp_atf_topbadge-all_products&vendorId=A01321495&vendorItemId=91997052509,26
"샤오미 먼지 진드기 진공 청소기 MJCMY02KR, 화이트",54800,4.5,44,,//thumbnail7.coupangcdn.com/thumbnails/remote/230x230ex/image/retail/images/2024/12/10/9/2/84483b34-d59c-4cbb-b708-e3758bc9889c.jpg,https://www.coupang.com/vp/products/8498878649?itemId=24600640483&searchId=3483c5d07a3347e5ab47d5a0a19096e2&sourceType=brandstore_sdp_atf_topbadge-all_products&storeId=206142&subSourceType=brandstore_sdp_atf_topbadge-all_products&vendorId=A01321495&vendorItemId=91612149903,27
"샤오미 22.5W 보조배터리 10000mah 멀티단자, 베이지, P15ZM",48980,4.5,17,38,//thumbnail9.coupangcdn.com/thumbnails/remote/230x230ex/image/retail/images/2025/01/03/14/6/235c6704-e3f2-4bcc-9210-700807b2ccbe.jpg,https://www.coupang.com/vp/products/8535000293?itemId=24707373949&searchId=3483c5d07a3347e5ab47d5a0a19096e2&sourceType=brandstore_sdp_atf_topbadge-all_products&storeId=206142&subSourceType=brandstore_sdp_atf_topbadge-all_products&vendorId=A01321495&vendorItemId=91716806450,28
"샤오미 레드미 14C 휴대폰, 미드나이트블랙, 256GB",179100,4.5,197,10,//thumbnail7.coupangcdn.com/thumbnails/remote/230x230ex/image/vendor_inventory/8cfe/1c6384a05bdb830411badddf63a893c88f62e7c9459996fcbbcda4f6b7a6.jpg,https://www.coupang.com/vp/products/8401473753?itemId=24285892222&searchId=3483c5d07a3347e5ab47d5a0a19096e2&sourceType=brandstore_sdp_atf_topbadge-all_products&storeId=206142&subSourceType=brandstore_sdp_atf_topbadge-all_products&vendorId=A01321495&vendorItemId=91302150222,29
"샤오미 레드미 워치 5, 라벤더퍼플, 47.5cm, GPS + 블루투스",119800,5.0,901,32,//thumbnail6.coupangcdn.com/thumbnails/remote/230x230ex/image/vendor_inventory/275d/d4aca6efd7f57359a512617df3173681119b504176e052ee7256ca32dfd7.jpg,https://www.coupang.com/vp/products/8538118519?itemId=24717812227&searchId=3483c5d07a3347e5ab47d5a0a19096e2&sourceType=brandstore_sdp_atf_topbadge-all_products&storeId=206142&subSourceType=brandstore_sdp_atf_topbadge-all_products&vendorId=A01321495&vendorItemId=91727118792,30
"샤오미 로봇청소기 X20+, 화이트",529000,5.0,291,,//thumbnail7.coupangcdn.com/thumbnails/remote/230x230ex/image/vendor_inventory/b1b6/8423ab1258a1e1af22e47d516ba3cc5683bf6aa03e9e5eae71d8ca586f21.jpg,https://www.coupang.com/vp/products/8118221878?itemId=23018798375&searchId=3483c5d07a3347e5ab47d5a0a19096e2&sourceType=brandstore_sdp_atf_topbadge-all_products&storeId=206142&subSourceType=brandstore_sdp_atf_topbadge-all_products&vendorId=A01321495&vendorItemId=90052590194,31
"샤오미 포켓 포토프린터 휴대용, XMKDDYJ01HT",81510,4.5,781,,//thumbnail10.coupangcdn.com/thumbnails/remote/230x230ex/image/retail/images/8400408421592102-ad17eee8-043d-48e9-8362-db698a9c4787.jpg,https://www.coupang.com/vp/products/4590412734?itemId=5643087148&searchId=3483c5d07a3347e5ab47d5a0a19096e2&sourceType=brandstore_sdp_atf_topbadge-all_products&storeId=206142&subSourceType=brandstore_sdp_atf_topbadge-all_products&vendorId=A01321495&vendorItemId=72942100339,32
"샤오미 레드미 패드 SE 태블릿PC 8.7 4GB, 스카이블루, 64GB, Wi-Fi",129800,4.5,91,13,//thumbnail6.coupangcdn.com/thumbnails/remote/230x230ex/image/retail/images/2024/10/22/14/0/ee724e80-05bf-466d-842d-6ac05042ec3d.jpg,https://www.coupang.com/vp/products/8411152896?itemId=24319944964&searchId=3483c5d07a3347e5ab47d5a0a19096e2&sourceType=brandstore_sdp_atf_topbadge-all_products&storeId=206142&subSourceType=brandstore_sdp_atf_topbadge-all_products&vendorId=A01321495&vendorItemId=91335703351,33
"샤오미 레드미 패드 Pro 태블릿 PC 2405CRPFDL, 그라파이트 그레이, 256GB, Wi-Fi",477200,5.0,182,,//thumbnail9.coupangcdn.com/thumbnails/remote/230x230ex/image/1025_amir_coupang_oct_80k/b2c5/5081a991089038d92cd2980d5d816a6b0e8e325eb086ee386e4bc12751f1.jpg,https://www.coupang.com/vp/products/8134869826?itemId=23106625953&searchId=3483c5d07a3347e5ab47d5a0a19096e2&sourceType=brandstore_sdp_atf_topbadge-all_products&storeId=206142&subSourceType=brandstore_sdp_atf_topbadge-all_products&vendorId=A01321495&vendorItemId=90139917725,34
"샤오미 스마트 공기청정기 4 프로 필터, M15R-FLP-GL",51900,5.0,124,19,//thumbnail6.coupangcdn.com/thumbnails/remote/230x230ex/image/retail/images/232310297596038-c6f52b4a-602a-4b9c-bc0f-ee45e48d32f1.jpg,https://www.coupang.com/vp/products/6382064208?itemId=13564681190&searchId=3483c5d07a3347e5ab47d5a0a19096e2&sourceType=brandstore_sdp_atf_topbadge-all_products&storeId=206142&subSourceType=brandstore_sdp_atf_topbadge-all_products&vendorId=A01321495&vendorItemId=80818165539,35
"샤오미 레드미 14C 8GB, 스태리블루, 256GB",179100,4.5,197,10,//thumbnail7.coupangcdn.com/thumbnails/remote/230x230ex/image/vendor_inventory/66e7/a17f446263972745c73ed28a636132088db645b868f32d64b596f6cd0010.jpg,https://www.coupang.com/vp/products/8401473753?itemId=24285892226&searchId=3483c5d07a3347e5ab47d5a0a19096e2&sourceType=brandstore_sdp_atf_topbadge-all_products&storeId=206142&subSourceType=brandstore_sdp_atf_topbadge-all_products&vendorId=A01321495&vendorItemId=91302150237,36
"샤오미 X20 Max 로봇청소기 D109GL, 검정",749000,4.5,62,,//thumbnail8.coupangcdn.com/thumbnails/remote/230x230ex/image/vendor_inventory/1204/6a7cd4d77657c8822540c758c22a506e446ee03b4c61208af4f9c3863dcf.jpg,https://www.coupang.com/vp/products/8535177199?itemId=24707741056&searchId=57e9395d0d2c4d0e8cfc5aa6f5240e7d&sourceType=brandstore_sdp_atf_topbadge-all_products&storeId=206142&subSourceType=brandstore_sdp_atf_topbadge-all_products&vendorId=A01321495&vendorItemId=91717163503,37
"샤오미 레드미 14C 4GB, 스태리블루, 128GB",129600,4.5,179,13,//thumbnail9.coupangcdn.com/thumbnails/remote/230x230ex/image/vendor_inventory/acb7/9c9ea060cb8ed2a604f6a09f7a1a35d03da182d32800389629294e8ceace.jpg,https://www.coupang.com/vp/products/8401473692?itemId=24285892093&searchId=57e9395d0d2c4d0e8cfc5aa6f5240e7d&sourceType=brandstore_sdp_atf_topbadge-all_products&storeId=206142&subSourceType=brandstore_sdp_atf_topbadge-all_products&vendorId=A01321495&vendorItemId=91302150153,38
"샤오미 미밴드 9 프로 스마트밴드, 로즈 골드, 4.6cm, GPS + 블루투스",89800,5.0,253,,//thumbnail9.coupangcdn.com/thumbnails/remote/230x230ex/image/retail/images/2025/01/06/17/2/b6cc26a7-40b7-46e8-8a03-b83f2f041be5.png,https://www.coupang.com/vp/products/8538655554?itemId=24719662611&searchId=57e9395d0d2c4d0e8cfc5aa6f5240e7d&sourceType=brandstore_sdp_atf_topbadge-all_products&storeId=206142&subSourceType=brandstore_sdp_atf_topbadge-all_products&vendorId=A01321495&vendorItemId=91728914755,39
"샤오미 로봇청소기 E10 B112, 화이트",178000,4.5,18,,//thumbnail9.coupangcdn.com/thumbnails/remote/230x230ex/image/rs_quotation_api/lxutb36s/481d7e9980bb445693eb3eded12eae21.jpg,https://www.coupang.com/vp/products/8338170363?itemId=24077834623&searchId=57e9395d0d2c4d0e8cfc5aa6f5240e7d&sourceType=brandstore_sdp_atf_topbadge-all_products&storeId=206142&subSourceType=brandstore_sdp_atf_topbadge-all_products&vendorId=A01321495&vendorItemId=91097469098,40
"샤오미 레드미 14C 4GB, 세이지그린, 128GB",129600,4.5,179,13,//thumbnail9.coupangcdn.com/thumbnails/remote/230x230ex/image/retail/images/1055151068694583-62bec755-8494-44f5-854c-f8aa170caf78.jpg,https://www.coupang.com/vp/products/8401473692?itemId=24285892090&searchId=57e9395d0d2c4d0e8cfc5aa6f5240e7d&sourceType=brandstore_sdp_atf_topbadge-all_products&storeId=206142&subSourceType=brandstore_sdp_atf_topbadge-all_products&vendorId=A01321495&vendorItemId=91302150146,41
"샤오미 레드미 버즈 6 블루투스 이어폰, M2429E1, 클라우드 화이트",42760,4.0,10,14,//thumbnail6.coupangcdn.com/thumbnails/remote/230x230ex/image/retail/images/2025/04/15/15/9/dc11a9ab-018a-4d1b-9d04-5c5d94987bda.jpg,https://www.coupang.com/vp/products/8717699688?itemId=25320754627&searchId=57e9395d0d2c4d0e8cfc5aa6f5240e7d&sourceType=brandstore_sdp_atf_topbadge-all_products&storeId=206142&subSourceType=brandstore_sdp_atf_topbadge-all_products&vendorId=A01321495&vendorItemId=92315716745,42
"샤오미 공기청정기 필터 포름알데히드 그린 M6R-FLP, 1개",34890,5.0,8,12,//thumbnail7.coupangcdn.com/thumbnails/remote/230x230ex/image/retail/images/2024/12/24/17/5/d3faf1b8-2bfa-4296-beb2-794f5352ae6f.jpg,https://www.coupang.com/vp/products/8325063529?itemId=24031900711&searchId=57e9395d0d2c4d0e8cfc5aa6f5240e7d&sourceType=brandstore_sdp_atf_topbadge-all_products&storeId=206142&subSourceType=brandstore_sdp_atf_topbadge-all_products&vendorId=A01321495&vendorItemId=91678225980,43
"샤오미 레드미 14C 휴대폰, 세이지그린, 256GB",179100,4.5,197,10,//thumbnail10.coupangcdn.com/thumbnails/remote/230x230ex/image/vendor_inventory/4a5a/ce0767c6f80df137c967ed2156624e6c3ace2f371babd6d689ebef74d610.jpg,https://www.coupang.com/vp/products/8401473753?itemId=24285892225&searchId=57e9395d0d2c4d0e8cfc5aa6f5240e7d&sourceType=brandstore_sdp_atf_topbadge-all_products&storeId=206142&subSourceType=brandstore_sdp_atf_topbadge-all_products&vendorId=A01321495&vendorItemId=91302150231,44
"샤오미 라우터 AX3000T 유무선 공유기, 1개, RD23",39220,4.5,3,34,//thumbnail9.coupangcdn.com/thumbnails/remote/230x230ex/image/retail/images/2025/03/21/11/2/ae453d0c-cd11-4c5e-a362-403ad7e16dba.png,https://www.coupang.com/vp/products/8665236930?itemId=25150004513&searchId=57e9395d0d2c4d0e8cfc5aa6f5240e7d&sourceType=brandstore_sdp_atf_topbadge-all_products&storeId=206142&subSourceType=brandstore_sdp_atf_topbadge-all_products&vendorId=A01321495&vendorItemId=92148558059,45
"샤오미 레드미 워치 4, 실버그레이, 47.5mm, GPS",99800,5.0,1658,9,//thumbnail7.coupangcdn.com/thumbnails/remote/230x230ex/image/retail/images/327632379976873-6f2a1cff-da6f-46b1-a4c9-a8be0303a1b0.jpg,https://www.coupang.com/vp/products/7872135253?itemId=21507778642&searchId=57e9395d0d2c4d0e8cfc5aa6f5240e7d&sourceType=brandstore_sdp_atf_topbadge-all_products&storeId=206142&subSourceType=brandstore_sdp_atf_topbadge-all_products&vendorId=A01321495&vendorItemId=88561308009,46
샤오미 스마트 공기청정기 4 AC-M16-SC 42.5㎡,218000,4.5,877,45,//thumbnail9.coupangcdn.com/thumbnails/remote/230x230ex/image/retail/images/218835219124101-0c03dc84-c53f-4905-9240-3ebcf0fe1a3a.jpg,https://www.coupang.com/vp/products/6373006409?itemId=13507234372&searchId=57e9395d0d2c4d0e8cfc5aa6f5240e7d&sourceType=brandstore_sdp_atf_topbadge-all_products&storeId=206142&subSourceType=brandstore_sdp_atf_topbadge-all_products&vendorId=A01321495&vendorItemId=80761320910,47
"샤오미 4K UHD HDR10 스마트 디스플레이 A50 TV, 127cm(50인치), L50MA-AKR, 스탠드형, 고객직접설치",388000,4.5,124,,//thumbnail8.coupangcdn.com/thumbnails/remote/230x230ex/image/retail/images/1050265612396213-60500aeb-5ac3-446b-8b6c-8a59bc5cd376.png,https://www.coupang.com/vp/products/8543109077?itemId=25186343378&searchId=57e9395d0d2c4d0e8cfc5aa6f5240e7d&sourceType=brandstore_sdp_atf_topbadge-all_products&storeId=206142&subSourceType=brandstore_sdp_atf_topbadge-all_products&vendorId=A01321495&vendorItemId=91737016369,48
샤오미 스마트 제습기 14L CSJ0114DM,328000,5.0,257,34,//thumbnail6.coupangcdn.com/thumbnails/remote/230x230ex/image/retail/images/2022/06/21/17/9/45e0ad45-54cb-4c3a-a1c1-e0ff518a26dc.jpg,https://www.coupang.com/vp/products/6595263884?itemId=14898909061&searchId=57e9395d0d2c4d0e8cfc5aa6f5240e7d&sourceType=brandstore_sdp_atf_topbadge-all_products&storeId=206142&subSourceType=brandstore_sdp_atf_topbadge-all_products&vendorId=A01321495&vendorItemId=82137655638,49
"샤오미 레드미 패드 SE 태블릿PC 8.7 6GB, 스카이블루, 128GB, Wi-Fi",169800,5.0,49,15,//thumbnail6.coupangcdn.com/thumbnails/remote/230x230ex/image/retail/images/2024/10/22/14/0/ee724e80-05bf-466d-842d-6ac05042ec3d.jpg,https://www.coupang.com/vp/products/8411152895?itemId=24319944965&searchId=57e9395d0d2c4d0e8cfc5aa6f5240e7d&sourceType=brandstore_sdp_atf_topbadge-all_products&storeId=206142&subSourceType=brandstore_sdp_atf_topbadge-all_products&vendorId=A01321495&vendorItemId=91335703354,50
"샤오미 포코 X7 Pro 자급제, 블랙, 512GB",548000,5.0,290,,//thumbnail10.coupangcdn.com/thumbnails/remote/230x230ex/image/retail/images/2025/02/26/18/3/ed5c08f5-c09c-42f3-b5d5-597fc37d002f.jpg,https://www.coupang.com/vp/products/8615468071?itemId=25004767485&searchId=57e9395d0d2c4d0e8cfc5aa6f5240e7d&sourceType=brandstore_sdp_atf_topbadge-all_products&storeId=206142&subSourceType=brandstore_sdp_atf_topbadge-all_products&vendorId=A01321495&vendorItemId=92009842332,51
"샤오미 포코 M7 PRO 5G RAM 8GB, 그린, 256GB",279990,4.5,29,,//thumbnail9.coupangcdn.com/thumbnails/remote/230x230ex/image/retail/images/2025/04/17/15/9/c09e6a00-598d-4a96-9d55-7919e40b20ee.jpg,https://www.coupang.com/vp/products/8721969902?itemId=25335711905&searchId=57e9395d0d2c4d0e8cfc5aa6f5240e7d&sourceType=brandstore_sdp_atf_topbadge-all_products&storeId=206142&subSourceType=brandstore_sdp_atf_topbadge-all_products&vendorId=A01321495&vendorItemId=92330453429,52
"샤오미 4K UHD LED TV, 165cm(65인치), L65MA-ATWN, 스탠드형, 방문설치",648000,4.5,124,,//thumbnail8.coupangcdn.com/thumbnails/remote/230x230ex/image/retail/images/193277035142938-6be35ae3-4648-4ca5-880a-f8adbecc5273.png,https://www.coupang.com/vp/products/8543109077?itemId=24735521706&searchId=57e9395d0d2c4d0e8cfc5aa6f5240e7d&sourceType=brandstore_sdp_atf_topbadge-all_products&storeId=206142&subSourceType=brandstore_sdp_atf_topbadge-all_products&vendorId=A01321495&vendorItemId=91744316737,53
"샤오미 듀얼 모드 무선 마우스 2 XMSMSB01YM, 블랙",19230,4.0,4,2,//thumbnail9.coupangcdn.com/thumbnails/remote/230x230ex/image/retail/images/2025/02/18/12/1/bf07d5df-1ba5-4819-aa4f-765956c32236.jpg,https://www.coupang.com/vp/products/8605259974?itemId=24954740259&searchId=57e9395d0d2c4d0e8cfc5aa6f5240e7d&sourceType=brandstore_sdp_atf_topbadge-all_products&storeId=206142&subSourceType=brandstore_sdp_atf_topbadge-all_products&vendorId=A01321495&vendorItemId=91960575693,54
"샤오미 포코 X7 Pro 자급제, 옐로우, 512GB",548000,5.0,290,,//thumbnail7.coupangcdn.com/thumbnails/remote/230x230ex/image/retail/images/2025/02/26/18/6/503bd33c-c0e7-4b5b-a95d-b06b0f0a2189.jpg,https://www.coupang.com/vp/products/8615468071?itemId=25004767482&searchId=6a7f7c09722c4f9cb541591f0db51144&sourceType=brandstore_sdp_atf_topbadge-all_products&storeId=206142&subSourceType=brandstore_sdp_atf_topbadge-all_products&vendorId=A01321495&vendorItemId=92009842321,55
"샤오미 레드미 패드 SE 태블릿PC 8.7 6GB, 그래파이트 그레이, 128GB, Wi-Fi",169800,5.0,49,15,//thumbnail8.coupangcdn.com/thumbnails/remote/230x230ex/image/retail/images/2024/10/22/14/4/bd3167b7-966e-4f5c-8c68-f8bcc02ce931.jpg,https://www.coupang.com/vp/products/8411152895?itemId=24319944956&searchId=6a7f7c09722c4f9cb541591f0db51144&sourceType=brandstore_sdp_atf_topbadge-all_products&storeId=206142&subSourceType=brandstore_sdp_atf_topbadge-all_products&vendorId=A01321495&vendorItemId=91335703314,56
"샤오미 레드미 워치 4, 옵시디언블랙, 47.5mm, GPS",99800,5.0,1658,9,//thumbnail9.coupangcdn.com/thumbnails/remote/230x230ex/image/vendor_inventory/130d/1388ed87f7cffaa0a578c91072dded45e97e597b24e7bbc17c51e7230b15.jpg,https://www.coupang.com/vp/products/7872135253?itemId=24495748008&searchId=6a7f7c09722c4f9cb541591f0db51144&sourceType=brandstore_sdp_atf_topbadge-all_products&storeId=206142&subSourceType=brandstore_sdp_atf_topbadge-all_products&vendorId=A01321495&vendorItemId=88561308000,57
"샤오미 Mi 스마트 전기포트 Pro, MJHWSH02YM",77900,5.0,2168,21,//thumbnail6.coupangcdn.com/thumbnails/remote/230x230ex/image/retail/images/77756380069697-eb07ecb6-de1a-41fe-a14a-4f11cf064f1d.jpg,https://www.coupang.com/vp/products/4590495411?itemId=5643390864&searchId=6a7f7c09722c4f9cb541591f0db51144&sourceType=brandstore_sdp_atf_topbadge-all_products&storeId=206142&subSourceType=brandstore_sdp_atf_topbadge-all_products&vendorId=A01321495&vendorItemId=72942403701,58
"샤오미 로봇청소기 S20+ B108GL, 화이트",318000,4.5,19,,//thumbnail7.coupangcdn.com/thumbnails/remote/230x230ex/image/retail/images/503204054173718-a75635d5-5a4c-498c-95f9-fc21485b8443.jpg,https://www.coupang.com/vp/products/8336459019?itemId=24071802582&searchId=6a7f7c09722c4f9cb541591f0db51144&sourceType=brandstore_sdp_atf_topbadge-all_products&storeId=206142&subSourceType=brandstore_sdp_atf_topbadge-all_products&vendorId=A01321495&vendorItemId=91091502973,59
"샤오미 레드미 버즈 6 블루투스 이어폰, M2429E1, 나이트 블랙",42760,4.0,10,14,//thumbnail7.coupangcdn.com/thumbnails/remote/230x230ex/image/retail/images/2025/04/15/15/1/b46d8c70-9f82-4e2a-84d1-30e23e43e35f.jpg,https://www.coupang.com/vp/products/8717699688?itemId=25320754629&searchId=6a7f7c09722c4f9cb541591f0db51144&sourceType=brandstore_sdp_atf_topbadge-all_products&storeId=206142&subSourceType=brandstore_sdp_atf_topbadge-all_products&vendorId=A01321495&vendorItemId=92315716753,60
샤오미 스마트 공기청정기 4 프로 AC-M15-SC 60㎡,299800,5.0,660,39,//thumbnail9.coupangcdn.com/thumbnails/remote/230x230ex/image/retail/images/232783806930414-8550c355-4c51-4218-b2a2-ac26a17a7119.jpg,https://www.coupang.com/vp/products/6376779656?itemId=13530000000&searchId=6a7f7c09722c4f9cb541591f0db51144&sourceType=brandstore_sdp_atf_topbadge-all_products&storeId=206142&subSourceType=brandstore_sdp_atf_topbadge-all_products&vendorId=A01321495&vendorItemId=80481152529,61
"샤오미 22.5W 보조배터리 10000mah 멀티단자, 아이스 블루, P15ZM",24800,4.5,17,68,//thumbnail8.coupangcdn.com/thumbnails/remote/230x230ex/image/retail/images/2025/01/03/14/9/7116321d-39b3-44ca-a244-3f6471e0dc6e.jpg,https://www.coupang.com/vp/products/8535000293?itemId=24707219202&searchId=6a7f7c09722c4f9cb541591f0db51144&sourceType=brandstore_sdp_atf_topbadge-all_products&storeId=206142&subSourceType=brandstore_sdp_atf_topbadge-all_products&vendorId=A01321495&vendorItemId=91716657505,62
"샤오미 레드미 노트 14 PRO 휴대폰, 미드나이트블랙, 256GB",399300,4.5,90,,//thumbnail6.coupangcdn.com/thumbnails/remote/230x230ex/image/vendor_inventory/3d5e/3f1302c079d05405ac21c5912f59cfdbb8f2864d53490bdee131752f511a.jpg,https://www.coupang.com/vp/products/8540019824?itemId=24724662598&searchId=6a7f7c09722c4f9cb541591f0db51144&sourceType=brandstore_sdp_atf_topbadge-all_products&storeId=206142&subSourceType=brandstore_sdp_atf_topbadge-all_products&vendorId=A01321495&vendorItemId=91733824991,63
"샤오미 레드미 패드 SE 태블릿PC 8GB, 그라파이트 그레이, 256GB, Wi-Fi",268000,4.5,205,,//thumbnail8.coupangcdn.com/thumbnails/remote/230x230ex/image/retail/images/3627104077888957-5ceaa85b-1a75-453a-9f49-36faa0895742.jpg,https://www.coupang.com/vp/products/8533836929?itemId=19734918371&searchId=6a7f7c09722c4f9cb541591f0db51144&sourceType=brandstore_sdp_atf_topbadge-all_products&storeId=206142&subSourceType=brandstore_sdp_atf_topbadge-all_products&vendorId=A01321495&vendorItemId=86838755422,64
"샤오미 포코 M7 PRO 5G RAM 8GB, 실버, 256GB",279990,4.5,29,,//thumbnail6.coupangcdn.com/thumbnails/remote/230x230ex/image/retail/images/2025/04/17/15/0/918ec728-a7be-4ec5-9244-6c3ad8c89e8b.jpg,https://www.coupang.com/vp/products/8721969902?itemId=25335711907&searchId=6a7f7c09722c4f9cb541591f0db51144&sourceType=brandstore_sdp_atf_topbadge-all_products&storeId=206142&subSourceType=brandstore_sdp_atf_topbadge-all_products&vendorId=A01321495&vendorItemId=92330453442,65
"샤오미 포코 X7 Pro 자급제, 그린, 256GB",448000,5.0,290,,//thumbnail9.coupangcdn.com/thumbnails/remote/230x230ex/image/retail/images/2025/02/24/17/0/994bfd49-c6fd-49b9-9469-3852f5347942.jpg,https://www.coupang.com/vp/products/8615468071?itemId=24991719945&searchId=6a7f7c09722c4f9cb541591f0db51144&sourceType=brandstore_sdp_atf_topbadge-all_products&storeId=206142&subSourceType=brandstore_sdp_atf_topbadge-all_products&vendorId=A01321495&vendorItemId=91997052493,66
"샤오미 레드미 버즈 6 블루투스 이어폰, M2429E1, 코럴 그린",42760,4.0,10,14,//thumbnail10.coupangcdn.com/thumbnails/remote/230x230ex/image/retail/images/2025/04/15/15/1/7aa3ed3c-8642-468c-804e-86cbda0a6df6.jpg,https://www.coupang.com/vp/products/8717699688?itemId=25320754625&searchId=6a7f7c09722c4f9cb541591f0db51144&sourceType=brandstore_sdp_atf_topbadge-all_products&storeId=206142&subSourceType=brandstore_sdp_atf_topbadge-all_products&vendorId=A01321495&vendorItemId=92315716735,67
"샤오미 스마트워치 S4, 실버silver, 3.632cm, GPS + 블루투스",178000,5.0,38,5,//thumbnail6.coupangcdn.com/thumbnails/remote/230x230ex/image/retail/images/2025/03/19/17/6/f20d21ba-724a-49a9-abae-d221db0ad95c.png,https://www.coupang.com/vp/products/8660623739?itemId=25137660710&searchId=6a7f7c09722c4f9cb541591f0db51144&sourceType=brandstore_sdp_atf_topbadge-all_products&storeId=206142&subSourceType=brandstore_sdp_atf_topbadge-all_products&vendorId=A01321495&vendorItemId=92136650541,68
"샤오미 듀얼 모드 무선 마우스 2 XMSMSB01YM, 화이트",19230,5.0,4,2,//thumbnail8.coupangcdn.com/thumbnails/remote/230x230ex/image/retail/images/2025/02/14/17/2/ba5c9b7e-bfef-4d2d-a9ca-c30df2cb8b22.png,https://www.coupang.com/vp/products/8599856320?itemId=24936211732&searchId=6a7f7c09722c4f9cb541591f0db51144&sourceType=brandstore_sdp_atf_topbadge-all_products&storeId=206142&subSourceType=brandstore_sdp_atf_topbadge-all_products&vendorId=A01321495&vendorItemId=91942281032,69
"샤오미 포커스 펜, 화이트, 1개",88000,4.5,6,,//thumbnail7.coupangcdn.com/thumbnails/remote/230x230ex/image/retail/images/2025/03/31/14/8/e8655aa6-3285-4629-aa23-8164e97ab5b3.jpg,https://www.coupang.com/vp/products/8686270097?itemId=25216633895&searchId=6a7f7c09722c4f9cb541591f0db51144&sourceType=brandstore_sdp_atf_topbadge-all_products&storeId=206142&subSourceType=brandstore_sdp_atf_topbadge-all_products&vendorId=A01321495&vendorItemId=92213073538,70
"샤오미 스마트워치 S4, 블랙, 36.32mm, GPS + 블루투스",178000,5.0,38,25,//thumbnail9.coupangcdn.com/thumbnails/remote/230x230ex/image/retail/images/2025/03/19/17/7/4a00a32a-f697-44d9-8a27-bddcead7d0e5.png,https://www.coupang.com/vp/products/8660623739?itemId=25137653202&searchId=b7ff36d14a1d486e8fc2b456d2000260&sourceType=brandstore_sdp_atf_topbadge-all_products&storeId=206142&subSourceType=brandstore_sdp_atf_topbadge-all_products&vendorId=A01321495&vendorItemId=92136643035,71
"샤오미 GaN 듀얼 포트 충전기 67W, 화이트, 1개",29800,5.0,15,,//thumbnail9.coupangcdn.com/thumbnails/remote/230x230ex/image/retail/images/2025/01/06/16/0/7fca8f61-4811-479f-8ca9-66b86b457592.jpg,https://www.coupang.com/vp/products/8538529966?itemId=24719164066&searchId=b7ff36d14a1d486e8fc2b456d2000260&sourceType=brandstore_sdp_atf_topbadge-all_products&storeId=206142&subSourceType=brandstore_sdp_atf_topbadge-all_products&vendorId=A01321495&vendorItemId=91728429338,72
"샤오미 FHD IPS 모니터 A27i, P27FBA-RAGL, 68cm",139800,4.5,20,18,//thumbnail9.coupangcdn.com/thumbnails/remote/230x230ex/image/retail/images/118608191315284-19b7fd0c-9764-4383-9529-e6d0dfe0c433.jpg,https://www.coupang.com/vp/products/8341873164?itemId=24091734141&searchId=b7ff36d14a1d486e8fc2b456d2000260&sourceType=brandstore_sdp_atf_topbadge-all_products&storeId=206142&subSourceType=brandstore_sdp_atf_topbadge-all_products&vendorId=A01321495&vendorItemId=90299641717,73
"[쿠팡수입] 샤오미 스마트 공기청정기 4 라이트 필터 M17-FLP-GL, 1개",55300,4.5,38,,//thumbnail6.coupangcdn.com/thumbnails/remote/230x230ex/image/retail/images/218375104732471-cb0665aa-79de-43f5-896a-1163b72581d6.jpg,https://www.coupang.com/vp/products/7136840175?itemId=17909519256&searchId=b7ff36d14a1d486e8fc2b456d2000260&sourceType=brandstore_sdp_atf_topbadge-all_products&storeId=206142&subSourceType=brandstore_sdp_atf_topbadge-all_products&vendorId=A01321495&vendorItemId=85072215783,74
"샤오미 로봇청소기 X20 Pro D102GL, D102GL(청소기), 화이트",569000,5.0,13,32,//thumbnail6.coupangcdn.com/thumbnails/remote/230x230ex/image/retail/images/2024/12/09/10/4/b38825a4-9e95-444c-9394-3a6fd2abcf9c.jpg,https://www.coupang.com/vp/products/8497209862?itemId=24593743662&searchId=b7ff36d14a1d486e8fc2b456d2000260&sourceType=brandstore_sdp_atf_topbadge-all_products&storeId=206142&subSourceType=brandstore_sdp_atf_topbadge-all_products&vendorId=A01321495&vendorItemId=91605359885,75
"샤오미 Redmi Pad Pro 태블릿PC 8GB 2405CRPFDL, 오션 블루, 256GB, Wi-Fi",477200,5.0,182,,//thumbnail7.coupangcdn.com/thumbnails/remote/230x230ex/image/retail/images/2024/05/30/10/0/7dfd307c-20d2-4e03-98ee-76195b3151eb.jpg,https://www.coupang.com/vp/products/8134869826?itemId=23106625950&searchId=b7ff36d14a1d486e8fc2b456d2000260&sourceType=brandstore_sdp_atf_topbadge-all_products&storeId=206142&subSourceType=brandstore_sdp_atf_topbadge-all_products&vendorId=A01321495&vendorItemId=90139917715,76
"샤오미 15 ULTRA RAM 16GB, 실버 크롬, 512GB",1699000,5.0,20,,//thumbnail10.coupangcdn.com/thumbnails/remote/230x230ex/image/retail/images/2025/03/14/18/8/95c9d4c4-631f-4fb9-8bf7-adf406dcb964.jpg,https://www.coupang.com/vp/products/8653029392?itemId=25120305888&searchId=b7ff36d14a1d486e8fc2b456d2000260&sourceType=brandstore_sdp_atf_topbadge-all_products&storeId=206142&subSourceType=brandstore_sdp_atf_topbadge-all_products&vendorId=A01321495&vendorItemId=92119684642,77
"샤오미 로봇청소기 S20 D106, 화이트",218000,4.0,7,,//thumbnail9.coupangcdn.com/thumbnails/remote/230x230ex/image/retail/images/2024/09/10/16/3/e955d9cf-0c92-4a83-833e-cfa6eb191663.jpg,https://www.coupang.com/vp/products/8336298119?itemId=24071223832&searchId=b7ff36d14a1d486e8fc2b456d2000260&sourceType=brandstore_sdp_atf_topbadge-all_products&storeId=206142&subSourceType=brandstore_sdp_atf_topbadge-all_products&vendorId=A01321495&vendorItemId=91090936285,78
"샤오미 레드미 노트 14 PRO 휴대폰, 라벤더퍼플, 256GB",399300,4.5,90,,//thumbnail8.coupangcdn.com/thumbnails/remote/230x230ex/image/retail/images/2025/01/07/17/7/8cef6997-3501-439a-b11f-08b376f3e17e.jpg,https://www.coupang.com/vp/products/8540019824?itemId=24724662599&searchId=b7ff36d14a1d486e8fc2b456d2000260&sourceType=brandstore_sdp_atf_topbadge-all_products&storeId=206142&subSourceType=brandstore_sdp_atf_topbadge-all_products&vendorId=A01321495&vendorItemId=91733824999,79
"샤오미 레드미 노트 13 공기계, 미드나잇블랙, 264GB",299200,4.5,202,14,//thumbnail8.coupangcdn.com/thumbnails/remote/230x230ex/image/vendor_inventory/1388/ec7b1282b9840b8fb09536f83f4ac09383a40cde2cdb115e1a3fe48b4fed.jpg,https://www.coupang.com/vp/products/7920962091?itemId=21760926739&searchId=b7ff36d14a1d486e8fc2b456d2000260&sourceType=brandstore_sdp_atf_topbadge-all_products&storeId=206142&subSourceType=brandstore_sdp_atf_topbadge-all_products&vendorId=A01321495&vendorItemId=88809892217,80
"샤오미 무선 마우스 컴포트 에디션 XMWXSB04YM, 블랙",15340,5.0,4,26,//thumbnail7.coupangcdn.com/thumbnails/remote/230x230ex/image/retail/images/2025/03/13/14/1/f951a083-7554-4907-bbc1-e9dbdad45d81.png,https://www.coupang.com/vp/products/8645403670?itemId=25093226422&searchId=b7ff36d14a1d486e8fc2b456d2000260&sourceType=brandstore_sdp_atf_topbadge-all_products&storeId=206142&subSourceType=brandstore_sdp_atf_topbadge-all_products&vendorId=A01321495&vendorItemId=92096917855,81
"샤오미 레드미 버즈 6 액티브 블루투스 이어폰, 핑크, M2344E1",23900,4.5,8,,//thumbnail6.coupangcdn.com/thumbnails/remote/230x230ex/image/retail/images/2025/05/08/11/4/890ada49-e6cc-49fd-92fb-53fae6c8498f.jpg,https://www.coupang.com/vp/products/8774243950?itemId=25524866665&searchId=b7ff36d14a1d486e8fc2b456d2000260&sourceType=brandstore_sdp_atf_topbadge-all_products&storeId=206142&subSourceType=brandstore_sdp_atf_topbadge-all_products&vendorId=A01321495&vendorItemId=92467227522,82
"샤오미 14T 12GB, 타이탄그레이, 512GB",649800,4.5,157,,//thumbnail6.coupangcdn.com/thumbnails/remote/230x230ex/image/vendor_inventory/fb66/ea9cdd258bce0a5fe0aeb94855e0830980724e2be0e6d4cb2135aac19889.jpg,https://www.coupang.com/vp/products/8522633157?itemId=24674245701&searchId=b7ff36d14a1d486e8fc2b456d2000260&sourceType=brandstore_sdp_atf_topbadge-all_products&storeId=206142&subSourceType=brandstore_sdp_atf_topbadge-all_products&vendorId=A01321495&vendorItemId=91684436093,83
"샤오미 전기 주전자 2, MJDSH04YM",55200,5.0,523,17,//thumbnail9.coupangcdn.com/thumbnails/remote/230x230ex/image/retail/images/94679724472852-bfd1cd8f-90b7-4f34-b009-8622214d2db3.jpg,https://www.coupang.com/vp/products/7465479549?itemId=19468512148&searchId=8368bb9cbe8045b9b8d861833b178c15&sourceType=brandstore_sdp_atf_topbadge-all_products&storeId=206142&subSourceType=brandstore_sdp_atf_topbadge-all_products&vendorId=A01321495&vendorItemId=82891234600,84
"샤오미 14T 휴대폰, 타이탄그레이, 256GB",599800,4.5,157,,//thumbnail9.coupangcdn.com/thumbnails/remote/230x230ex/image/retail/images/2024/12/26/10/3/4802bd8b-1cf1-4310-8e99-dbbf40b8d452.jpg,https://www.coupang.com/vp/products/8522633157?itemId=24674245695&searchId=8368bb9cbe8045b9b8d861833b178c15&sourceType=brandstore_sdp_atf_topbadge-all_products&storeId=206142&subSourceType=brandstore_sdp_atf_topbadge-all_products&vendorId=A01321495&vendorItemId=91684436077,85
"샤오미 스마트워치 S4, 레인보우, 36.322cm, GPS + 블루투스",198000,5.0,38,4,//thumbnail10.coupangcdn.com/thumbnails/remote/230x230ex/image/retail/images/2025/03/19/18/1/b39d462a-2524-4902-b152-b5b022ca9e1f.png,https://www.coupang.com/vp/products/8660623739?itemId=25171403387&searchId=8368bb9cbe8045b9b8d861833b178c15&sourceType=brandstore_sdp_atf_topbadge-all_products&storeId=206142&subSourceType=brandstore_sdp_atf_topbadge-all_products&vendorId=A01321495&vendorItemId=92136662363,86
"샤오미 레드미 노트 14 PRO 휴대폰, 코랄그린, 256GB",399300,4.5,90,,//thumbnail8.coupangcdn.com/thumbnails/remote/230x230ex/image/vendor_inventory/6609/2ea79b5f01ba63595c7e6c264daf1ac521d87c5d2a1422f6527b0b638feb.jpg,https://www.coupang.com/vp/products/8540019824?itemId=24724662600&searchId=8368bb9cbe8045b9b8d861833b178c15&sourceType=brandstore_sdp_atf_topbadge-all_products&storeId=206142&subSourceType=brandstore_sdp_atf_topbadge-all_products&vendorId=A01321495&vendorItemId=91733825007,87
"샤오미 스마트 공기청정기 4 컴팩트 필터, AFEP7TFM01, 1개",41500,5.0,6,2,//thumbnail7.coupangcdn.com/thumbnails/remote/230x230ex/image/retail/images/218453915603878-c679cb78-6a00-4d87-ac59-43b504afec8f.jpg,https://www.coupang.com/vp/products/8031889651?itemId=21172205680&searchId=8368bb9cbe8045b9b8d861833b178c15&sourceType=brandstore_sdp_atf_topbadge-all_products&storeId=206142&subSourceType=brandstore_sdp_atf_topbadge-all_products&vendorId=A01321495&vendorItemId=91672893693,88
"샤오미 4K QLED 스마트 디스플레이 A Pro TV, 110cm(43인치), L43MA-STWN, 스탠드형, 고객직접설치",358000,4.5,66,,//thumbnail10.coupangcdn.com/thumbnails/remote/230x230ex/image/retail/images/1134439371591382-5aef0a43-6040-4b54-b730-392eeaf2f148.png,https://www.coupang.com/vp/products/8542998201?itemId=24727776364&searchId=8368bb9cbe8045b9b8d861833b178c15&sourceType=brandstore_sdp_atf_topbadge-all_products&storeId=206142&subSourceType=brandstore_sdp_atf_topbadge-all_products&vendorId=A01321495&vendorItemId=91736808000,89
"샤오미 레드미 버즈 6 액티브 블루투스 이어폰, 블루, M2344E1",32800,4.5,8,,//thumbnail9.coupangcdn.com/thumbnails/remote/230x230ex/image/retail/images/2025/05/08/11/9/4b5e33a1-831b-48bc-b060-6b61089e53ab.jpg,https://www.coupang.com/vp/products/8774243950?itemId=25524866662&searchId=8368bb9cbe8045b9b8d861833b178c15&sourceType=brandstore_sdp_atf_topbadge-all_products&storeId=206142&subSourceType=brandstore_sdp_atf_topbadge-all_products&vendorId=A01321495&vendorItemId=92467259824,90
"샤오미 15 Ultra Photography Kit 세트 Black + Red, 1세트",185750,4.5,2,6,//thumbnail7.coupangcdn.com/thumbnails/remote/230x230ex/image/retail/images/2025/03/25/18/8/2c55b93b-8202-444c-a0b7-0537141c3ec5.png,https://www.coupang.com/vp/products/8673685479?itemId=25179096155&searchId=8368bb9cbe8045b9b8d861833b178c15&sourceType=brandstore_sdp_atf_topbadge-all_products&storeId=206142&subSourceType=brandstore_sdp_atf_topbadge-all_products&vendorId=A01321495&vendorItemId=92176026125,91
"샤오미 WQHD 커브드 게이밍 모니터, 86.36cm, G34WQi",349800,5.0,80,,//thumbnail6.coupangcdn.com/thumbnails/remote/230x230ex/image/retail/images/1410023805747373-69f723c0-e194-4ffa-bd9f-3b593882b263.jpg,https://www.coupang.com/vp/products/8134833615?itemId=23106452747&searchId=8368bb9cbe8045b9b8d861833b178c15&sourceType=brandstore_sdp_atf_topbadge-all_products&storeId=206142&subSourceType=brandstore_sdp_atf_topbadge-all_products&vendorId=A01321495&vendorItemId=90139746683,92
"샤오미 POCO X6 Pro 5G 공기계, 그레이, 256GB",399990,4.5,651,,//thumbnail10.coupangcdn.com/thumbnails/remote/230x230ex/image/1025_amir_coupang_oct_80k/0e42/e2294b9e2515dbd605e15aee5b627a969c361e182265368fab413a0af5a6.jpg,https://www.coupang.com/vp/products/8134872744?itemId=23106636859&searchId=8368bb9cbe8045b9b8d861833b178c15&sourceType=brandstore_sdp_atf_topbadge-all_products&storeId=206142&subSourceType=brandstore_sdp_atf_topbadge-all_products&vendorId=A01321495&vendorItemId=90139928093,93
"샤오미 FHD LED 스마트 디스플레이 TV, 108cm(43인치), L43MA-AFTWN, 스탠드형, 고객직접설치",288000,4.5,124,,//thumbnail7.coupangcdn.com/thumbnails/remote/230x230ex/image/retail/images/525046748979586-833e20d4-cdd5-4a15-a8e1-966f85182cd6.jpg,https://www.coupang.com/vp/products/8543109077?itemId=25294242916&searchId=8368bb9cbe8045b9b8d861833b178c15&sourceType=brandstore_sdp_atf_topbadge-all_products&storeId=206142&subSourceType=brandstore_sdp_atf_topbadge-all_products&vendorId=A01321495&vendorItemId=92289609917,94
"샤오미 포코 F7 PRO RAM 12GB, 블랙, 256GB",719990,5.0,12,,//thumbnail7.coupangcdn.com/thumbnails/remote/230x230ex/image/retail/images/2025/04/14/12/9/1240f529-a7c6-4b4a-bdd4-dbeebf758b86.jpg,https://www.coupang.com/vp/products/8715442089?itemId=25312774543&searchId=8368bb9cbe8045b9b8d861833b178c15&sourceType=brandstore_sdp_atf_topbadge-all_products&storeId=206142&subSourceType=brandstore_sdp_atf_topbadge-all_products&vendorId=A01321495&vendorItemId=92307858439,95
"샤오미 Redmi Pad SE 8GB 태블릿 PC 23073RPBFL, 민트 그린, 256GB, Wi-Fi",268000,4.5,205,,//thumbnail6.coupangcdn.com/thumbnails/remote/230x230ex/image/retail/images/5220334257116482-b6620f0a-0cdf-4c02-a890-c8e2ec03bcb0.jpg,https://www.coupang.com/vp/products/8533836929?itemId=19734918370&searchId=8368bb9cbe8045b9b8d861833b178c15&sourceType=brandstore_sdp_atf_topbadge-all_products&storeId=206142&subSourceType=brandstore_sdp_atf_topbadge-all_products&vendorId=A01321495&vendorItemId=86838755416,96
"샤오미 미밴드 8 프로 스마트밴드, 그레이, 46mm, GPS",79800,5.0,362,5,//thumbnail6.coupangcdn.com/thumbnails/remote/230x230ex/image/1025_amir_coupang_oct_80k/bae8/df7df405a622c9c6deeab981fa6c51878c226d71a7e5e410dcc7fe268ab9.jpg,https://www.coupang.com/vp/products/7895269341?itemId=21624949523&searchId=8368bb9cbe8045b9b8d861833b178c15&sourceType=brandstore_sdp_atf_topbadge-all_products&storeId=206142&subSourceType=brandstore_sdp_atf_topbadge-all_products&vendorId=A01321495&vendorItemId=88675974956,97
"샤오미 Redmi Pad SE 태플릿PC 8GB 23073RPBFL, 라벤더 퍼플, 256GB, Wi-Fi",268000,4.5,205,,//thumbnail10.coupangcdn.com/thumbnails/remote/230x230ex/image/retail/images/5220384952144943-99745568-1ccf-4293-b1f7-4b6074684110.jpg,https://www.coupang.com/vp/products/8533836929?itemId=19734918367&searchId=8368bb9cbe8045b9b8d861833b178c15&sourceType=brandstore_sdp_atf_topbadge-all_products&storeId=206142&subSourceType=brandstore_sdp_atf_topbadge-all_products&vendorId=A01321495&vendorItemId=86838755410,98
"샤오미 2K QHD 게이밍 모니터 180Hz, 68.47cm, P27QCA-RGGL G27Qi",229800,5.0,5,4,//thumbnail8.coupangcdn.com/thumbnails/remote/230x230ex/image/retail/images/546038225003087-045f5dce-9bfc-4697-a143-fd045eb11258.jpg,https://www.coupang.com/vp/products/8497325293?itemId=24594346410&searchId=8368bb9cbe8045b9b8d861833b178c15&sourceType=brandstore_sdp_atf_topbadge-all_products&storeId=206142&subSourceType=brandstore_sdp_atf_topbadge-all_products&vendorId=A01321495&vendorItemId=91605953066,99
"샤오미 휴대용 스팀 다리미, 화이트, B502CN",118090,5.0,4,,//thumbnail6.coupangcdn.com/thumbnails/remote/230x230ex/image/vendor_inventory/a3ec/5713e4019cf6f7bf7f6698ef8af889f4acaed0d937931cd82c3a865583b1.png,https://www.coupang.com/vp/products/8491445727?itemId=24575420799&searchId=f45fa8241cf64f9ba09195ac742d7106&sourceType=brandstore_sdp_atf_topbadge-all_products&storeId=206142&subSourceType=brandstore_sdp_atf_topbadge-all_products&vendorId=A01321495&vendorItemId=91587303715,100
"샤오미 HD LED 스마트 디스플레이 TV, 80.04cm(32인치), L32M8-A2KR, 스탠드형, 고객직접설치",188000,4.5,124,,//thumbnail7.coupangcdn.com/thumbnails/remote/230x230ex/image/retail/images/525060107041918-9a54b2d1-f3c8-416c-bf9e-c803703cc9f9.jpg,https://www.coupang.com/vp/products/8543109077?itemId=25186343376&searchId=f45fa8241cf64f9ba09195ac742d7106&sourceType=brandstore_sdp_atf_topbadge-all_products&storeId=206142&subSourceType=brandstore_sdp_atf_topbadge-all_products&vendorId=A01321495&vendorItemId=92235906747,101
"샤오미 14T 휴대폰, 타이탄블랙, 512GB",649800,4.5,157,,//thumbnail10.coupangcdn.com/thumbnails/remote/230x230ex/image/retail/images/2024/12/26/10/5/c22281f4-4202-4d87-875b-0218e951f2af.jpg,https://www.coupang.com/vp/products/8522633157?itemId=24674245702&searchId=f45fa8241cf64f9ba09195ac742d7106&sourceType=brandstore_sdp_atf_topbadge-all_products&storeId=206142&subSourceType=brandstore_sdp_atf_topbadge-all_products&vendorId=A01321495&vendorItemId=91684436096,102
"샤오미 패드 7 태블릿PC RAM 8GB, 그레이, 128GB, Wi-Fi",459800,5.0,31,,//thumbnail8.coupangcdn.com/thumbnails/remote/230x230ex/image/retail/images/2025/03/18/14/5/da7030cc-a3ce-476e-afb9-f6cd47ba399f.jpg,https://www.coupang.com/vp/products/8658434233?itemId=25129178466&searchId=f45fa8241cf64f9ba09195ac742d7106&sourceType=brandstore_sdp_atf_topbadge-all_products&storeId=206142&subSourceType=brandstore_sdp_atf_topbadge-all_products&vendorId=A01321495&vendorItemId=92128338676,103
"샤오미 전동 면도기, S700",90170,4.5,172,39,//thumbnail6.coupangcdn.com/thumbnails/remote/230x230ex/image/retail/images/1701109446887567-a3c8ca1f-a1d9-41ab-91d4-86bc5a438961.jpg,https://www.coupang.com/vp/products/8534835317?itemId=24706683395&searchId=f45fa8241cf64f9ba09195ac742d7106&sourceType=brandstore_sdp_atf_topbadge-all_products&storeId=206142&subSourceType=brandstore_sdp_atf_topbadge-all_products&vendorId=A01321495&vendorItemId=81661366697,104
"샤오미 레드미 패드 Pro 전용 커버, 블루, 1개",17800,5.0,26,,//thumbnail9.coupangcdn.com/thumbnails/remote/230x230ex/image/retail/images/525893867481642-1b66ea78-a228-4928-99aa-7c268a7813cf.jpg,https://www.coupang.com/vp/products/8255037632?itemId=23771766650&searchId=f45fa8241cf64f9ba09195ac742d7106&sourceType=brandstore_sdp_atf_topbadge-all_products&storeId=206142&subSourceType=brandstore_sdp_atf_topbadge-all_products&vendorId=A01321495&vendorItemId=90796041832,105
"샤오미 미에어 공기청정기 3H 필터, 1개",31300,5.0,10009,31,//thumbnail7.coupangcdn.com/thumbnails/remote/230x230ex/image/retail/images/8402264822092319-508e2187-69fb-4149-88df-b7ec68d383c8.jpg,https://www.coupang.com/vp/products/332378484?itemId=1061903125&searchId=f45fa8241cf64f9ba09195ac742d7106&sourceType=brandstore_sdp_atf_topbadge-all_products&storeId=206142&subSourceType=brandstore_sdp_atf_topbadge-all_products&vendorId=A01321495&vendorItemId=5541077944,106
"샤오미 로봇청소기 X20 Pro / X20 Max 필터, 2개, D109GL-LW",15800,5.0,1,,//thumbnail6.coupangcdn.com/thumbnails/remote/230x230ex/image/retail/images/2025/04/03/14/7/0be3a2e7-ea17-441b-af2b-f2cd17a4d4e0.jpg,https://www.coupang.com/vp/products/8693085897?itemId=25239846403&searchId=f45fa8241cf64f9ba09195ac742d7106&sourceType=brandstore_sdp_atf_topbadge-all_products&storeId=206142&subSourceType=brandstore_sdp_atf_topbadge-all_products&vendorId=A01321495&vendorItemId=92235921973,107
"샤오미 2 라이트 가습기, MJJSQ06DY, 화이트",39800,4.0,6,,//thumbnail10.coupangcdn.com/thumbnails/remote/230x230ex/image/retail/images/2025/02/25/10/1/22923ddf-8c86-4e4b-b5b7-a470bed6f1ce.png,https://www.coupang.com/vp/products/8616414329?itemId=24995266564&searchId=f45fa8241cf64f9ba09195ac742d7106&sourceType=brandstore_sdp_atf_topbadge-all_products&storeId=206142&subSourceType=brandstore_sdp_atf_topbadge-all_products&vendorId=A01321495&vendorItemId=92000527868,108
"샤오미 15 ULTRA RAM 16GB, 블랙, 512GB",1699000,5.0,20,,//thumbnail10.coupangcdn.com/thumbnails/remote/230x230ex/image/retail/images/2025/03/14/18/8/7ba7622b-5868-4dc7-bdd0-f519d418a36d.jpg,https://www.coupang.com/vp/products/8653029392?itemId=25120305889&searchId=f45fa8241cf64f9ba09195ac742d7106&sourceType=brandstore_sdp_atf_topbadge-all_products&storeId=206142&subSourceType=brandstore_sdp_atf_topbadge-all_products&vendorId=A01321495&vendorItemId=92119684647,109
"샤오미 미밴드 8 프로 스마트밴드, 블랙, 46mm, GPS",79800,5.0,362,5,//thumbnail8.coupangcdn.com/thumbnails/remote/230x230ex/image/1025_amir_coupang_oct_80k/1b2f/00a294747540c57296b5c53d0159acfd8b2d250253129f1819019b4c0511.jpg,https://www.coupang.com/vp/products/7895269341?itemId=21624949527&searchId=f45fa8241cf64f9ba09195ac742d7106&sourceType=brandstore_sdp_atf_topbadge-all_products&storeId=206142&subSourceType=brandstore_sdp_atf_topbadge-all_products&vendorId=A01321495&vendorItemId=88675974976,110
"샤오미 진공 청소기 G20, D205, 흰색",237240,4.0,1,4,//thumbnail9.coupangcdn.com/thumbnails/remote/230x230ex/image/retail/images/2025/05/09/14/9/75c4b9d6-401f-4035-b9d9-239854ebc057.png,https://www.coupang.com/vp/products/8763363904?itemId=25483231421&searchId=f45fa8241cf64f9ba09195ac742d7106&sourceType=brandstore_sdp_atf_topbadge-all_products&storeId=206142&subSourceType=brandstore_sdp_atf_topbadge-all_products&vendorId=A01321495&vendorItemId=92475507249,111
"샤오미 14T 휴대폰, 타이탄블루, 512GB",649800,4.5,157,,//thumbnail7.coupangcdn.com/thumbnails/remote/230x230ex/image/retail/images/2024/12/26/10/8/a7745f94-7b13-4c47-8254-654d7720621c.jpg,https://www.coupang.com/vp/products/8522633157?itemId=24674245700&searchId=f45fa8241cf64f9ba09195ac742d7106&sourceType=brandstore_sdp_atf_topbadge-all_products&storeId=206142&subSourceType=brandstore_sdp_atf_topbadge-all_products&vendorId=A01321495&vendorItemId=91684436091,112
"샤오미 레드미 패드 SE 태블릿PC 8.7 6GB, 오로라 그린, 128GB, Wi-Fi",169800,5.0,49,15,//thumbnail8.coupangcdn.com/thumbnails/remote/230x230ex/image/retail/images/2024/10/22/14/2/0c33d3c2-9398-40a8-8082-d9a86b4ea054.jpg,https://www.coupang.com/vp/products/8411152895?itemId=24319944962&searchId=f45fa8241cf64f9ba09195ac742d7106&sourceType=brandstore_sdp_atf_topbadge-all_products&storeId=206142&subSourceType=brandstore_sdp_atf_topbadge-all_products&vendorId=A01321495&vendorItemId=91335703336,113
"샤오미 전기면도기 교체용 헤드, 블루, 1개, S700",29500,5.0,1,67,//thumbnail10.coupangcdn.com/thumbnails/remote/230x230ex/image/retail/images/2024/12/23/14/9/7deee526-0740-45c8-a522-a689827a3653.png,https://www.coupang.com/vp/products/8518473592?itemId=24662527279&searchId=f45fa8241cf64f9ba09195ac742d7106&sourceType=brandstore_sdp_atf_topbadge-all_products&storeId=206142&subSourceType=brandstore_sdp_atf_topbadge-all_products&vendorId=A01321495&vendorItemId=91672936478,114
"샤오미 로봇청소기 X10+ / S10+ 브러쉬 커버, 1개, B101GL-ZSZ",12800,3.0,1,18,//thumbnail6.coupangcdn.com/thumbnails/remote/230x230ex/image/rs_quotation_api/prvew2jz/01db133763bd42538f86bab7a374fe16.jpeg,https://www.coupang.com/vp/products/8518462493?itemId=24662486545&searchId=f45fa8241cf64f9ba09195ac742d7106&sourceType=brandstore_sdp_atf_topbadge-all_products&storeId=206142&subSourceType=brandstore_sdp_atf_topbadge-all_products&vendorId=A01321495&vendorItemId=91672896831,115
"샤오미 포코 M7 PRO 5G RAM 8GB, 퍼플, 256GB",279990,4.5,29,,//thumbnail8.coupangcdn.com/thumbnails/remote/230x230ex/image/retail/images/2025/04/17/15/1/68c740de-0e12-408b-9c61-c3993232fe31.jpg,https://www.coupang.com/vp/products/8721969902?itemId=25335711909&searchId=f45fa8241cf64f9ba09195ac742d7106&sourceType=brandstore_sdp_atf_topbadge-all_products&storeId=206142&subSourceType=brandstore_sdp_atf_topbadge-all_products&vendorId=A01321495&vendorItemId=92330453457,116
"샤오미 4K QLED 스마트 디스플레이 A Pro TV, 140cm(55인치), L55MA-STWN, 스탠드형, 방문설치",548000,4.5,66,,//thumbnail8.coupangcdn.com/thumbnails/remote/230x230ex/image/retail/images/226264917827487-225a359d-55c2-43f5-b15b-b68dfba5d110.png,https://www.coupang.com/vp/products/8542998201?itemId=24734267474&searchId=f45fa8241cf64f9ba09195ac742d7106&sourceType=brandstore_sdp_atf_topbadge-all_products&storeId=206142&subSourceType=brandstore_sdp_atf_topbadge-all_products&vendorId=A01321495&vendorItemId=91743104389,117
"샤오미 5 in 1 C타입 허브, 그레이, 1개",35800,4.0,2,,//thumbnail7.coupangcdn.com/thumbnails/remote/230x230ex/image/retail/images/2025/02/14/14/4/0b928213-832b-4a72-9909-31988182f663.jpg,https://www.coupang.com/vp/products/8599637812?itemId=24935531854&searchId=f45fa8241cf64f9ba09195ac742d7106&sourceType=brandstore_sdp_atf_topbadge-all_products&storeId=206142&subSourceType=brandstore_sdp_atf_topbadge-all_products&vendorId=A01321495&vendorItemId=91941625907,118
"샤오미 패드 7 태블릿PC RAM 8GB, 그린, 256GB, Wi-Fi",499800,5.0,31,,//thumbnail8.coupangcdn.com/thumbnails/remote/230x230ex/image/retail/images/2025/03/18/15/5/f2341696-c335-4fad-9e86-ab1772958a14.jpg,https://www.coupang.com/vp/products/8658434233?itemId=25129399085&searchId=f45fa8241cf64f9ba09195ac742d7106&sourceType=brandstore_sdp_atf_topbadge-all_products&storeId=206142&subSourceType=brandstore_sdp_atf_topbadge-all_products&vendorId=A01321495&vendorItemId=92128553878,119
"샤오미 인덕션 원형 1인용 조리기 라이트 1구, DCL002CM-3, 일반형",58800,5.0,4,,//thumbnail8.coupangcdn.com/thumbnails/remote/230x230ex/image/retail/images/2024/12/05/12/6/91e127f9-bffc-4d6e-a989-0f8c2e3472b1.jpg,https://www.coupang.com/vp/products/8490418289?itemId=24574179861&searchId=53394cae924a451b906294322f3e1db4&sourceType=brandstore_sdp_atf_topbadge-all_products&storeId=206142&subSourceType=brandstore_sdp_atf_topbadge-all_products&vendorId=A01321495&vendorItemId=91586107607,120
"샤오미 포코 F7 PRO RAM 12GB, 블랙, 512GB",799990,5.0,12,,//thumbnail8.coupangcdn.com/thumbnails/remote/230x230ex/image/retail/images/2025/04/14/12/6/5f06ef4c-a869-45e3-b854-4b491febfffe.jpg,https://www.coupang.com/vp/products/8715442089?itemId=25312774555&searchId=53394cae924a451b906294322f3e1db4&sourceType=brandstore_sdp_atf_topbadge-all_products&storeId=206142&subSourceType=brandstore_sdp_atf_topbadge-all_products&vendorId=A01321495&vendorItemId=92307858465,121
"샤오미 무선 마우스 3 XMWXSB03YM, 블루",21170,3.5,4,2,//thumbnail6.coupangcdn.com/thumbnails/remote/230x230ex/image/retail/images/2025/02/19/12/0/faf95f97-1ef1-4fe0-9247-27491aab0042.jpeg,https://www.coupang.com/vp/products/8606993745?itemId=24961043820&searchId=53394cae924a451b906294322f3e1db4&sourceType=brandstore_sdp_atf_topbadge-all_products&storeId=206142&subSourceType=brandstore_sdp_atf_topbadge-all_products&vendorId=A01321495&vendorItemId=91966776510,122
"샤오미 사운드 포켓 블루투스5.4 지원 스피커 5W MDZ-37-DB, 블랙",48980,5.0,5,,//thumbnail6.coupangcdn.com/thumbnails/remote/230x230ex/image/retail/images/2025/04/02/11/3/ecf6228c-8d88-4c4f-a151-0e93b992c80a.png,https://www.coupang.com/vp/products/8690607652?itemId=25231846296&searchId=53394cae924a451b906294322f3e1db4&sourceType=brandstore_sdp_atf_topbadge-all_products&storeId=206142&subSourceType=brandstore_sdp_atf_topbadge-all_products&vendorId=A01321495&vendorItemId=92228034896,123
"샤오미 POCO X6 Pro 5G 공기계, 옐로우, 512GB",440990,4.5,651,2,//thumbnail7.coupangcdn.com/thumbnails/remote/230x230ex/image/retail/images/2024/05/30/10/2/a363ee62-6e61-4e55-9889-c8e81fe576c1.jpg,https://www.coupang.com/vp/products/8134872744?itemId=23106636861&searchId=53394cae924a451b906294322f3e1db4&sourceType=brandstore_sdp_atf_topbadge-all_products&storeId=206142&subSourceType=brandstore_sdp_atf_topbadge-all_products&vendorId=A01321495&vendorItemId=90139928103,124
"샤오미 Redmi Pad Pro 태블릿PC 8GB 2405CRPFDL, 민트 그린, 256GB, Wi-Fi",477200,5.0,182,,//thumbnail10.coupangcdn.com/thumbnails/remote/230x230ex/image/retail/images/2024/05/30/10/0/49eaff9e-f5b2-47fb-b806-133e8ac3ab50.jpg,https://www.coupang.com/vp/products/8134869826?itemId=23106625948&searchId=53394cae924a451b906294322f3e1db4&sourceType=brandstore_sdp_atf_topbadge-all_products&storeId=206142&subSourceType=brandstore_sdp_atf_topbadge-all_products&vendorId=A01321495&vendorItemId=90139917702,125
"샤오미 2K 3MP 아웃도어 카메라, BW300, 1개",94190,5.0,5,,//thumbnail6.coupangcdn.com/thumbnails/remote/230x230ex/image/retail/images/2024/12/09/9/5/689d9fe4-2efd-4483-ad83-402f19ba57e7.jpg,https://www.coupang.com/vp/products/8497151376?itemId=24593545098&searchId=53394cae924a451b906294322f3e1db4&sourceType=brandstore_sdp_atf_topbadge-all_products&storeId=206142&subSourceType=brandstore_sdp_atf_topbadge-all_products&vendorId=A01321495&vendorItemId=91605167849,126
"샤오미 Redmi 워치 2 라이트, 블루, 39.3mm, GPS",72610,4.5,1964,28,//thumbnail7.coupangcdn.com/thumbnails/remote/230x230ex/image/retail/images/311685661866294-8e97356d-5005-4039-8c7e-f3d3c250b5cd.jpg,https://www.coupang.com/vp/products/6172367945?itemId=12057185221&searchId=53394cae924a451b906294322f3e1db4&sourceType=brandstore_sdp_atf_topbadge-all_products&storeId=206142&subSourceType=brandstore_sdp_atf_topbadge-all_products&vendorId=A01321495&vendorItemId=79329322275,127
"샤오미 스마트 기화식 가습기, CJSJSQ02XYKR, 화이트",118000,4.5,18,40,//thumbnail9.coupangcdn.com/thumbnails/remote/230x230ex/image/vendor_inventory/daca/144aa047ceb03db892f2f9e7e64268705923a4302b36b9f8371b2eabacd6.jpg,https://www.coupang.com/vp/products/8497596221?itemId=24595690334&searchId=53394cae924a451b906294322f3e1db4&sourceType=brandstore_sdp_atf_topbadge-all_products&storeId=206142&subSourceType=brandstore_sdp_atf_topbadge-all_products&vendorId=A01321495&vendorItemId=91607275301,128
"샤오미 패드 7 태블릿PC RAM 8GB, 블루, 128GB, Wi-Fi",459800,5.0,31,,//thumbnail10.coupangcdn.com/thumbnails/remote/230x230ex/image/retail/images/2025/03/18/15/6/a8fd4245-60de-4267-a46e-9de5df11f159.jpg,https://www.coupang.com/vp/products/8658434233?itemId=25129365813&searchId=53394cae924a451b906294322f3e1db4&sourceType=brandstore_sdp_atf_topbadge-all_products&storeId=206142&subSourceType=brandstore_sdp_atf_topbadge-all_products&vendorId=A01321495&vendorItemId=92128521389,129
"먼지 진공 청소기 필터, 2개, MJCMY02GL-LX",9980,5.0,1,,//thumbnail7.coupangcdn.com/thumbnails/remote/230x230ex/image/retail/images/2024/12/05/12/5/c784d944-211e-4e37-a68a-92d83926abb7.jpg,https://www.coupang.com/vp/products/8490392462?itemId=24574091366&searchId=53394cae924a451b906294322f3e1db4&sourceType=brandstore_sdp_atf_topbadge-all_products&storeId=206142&subSourceType=brandstore_sdp_atf_topbadge-all_products&vendorId=A01321495&vendorItemId=91586021777,130
"샤오미 POCO X6 Pro 5G 공기계, 그레이, 512GB",449990,4.5,651,,//thumbnail7.coupangcdn.com/thumbnails/remote/230x230ex/image/vendor_inventory/b363/ac20e282086897394b9127e009912f2781739dca8f5ddfc4334c996c7384.jpg,https://www.coupang.com/vp/products/8134872744?itemId=23106636865&searchId=53394cae924a451b906294322f3e1db4&sourceType=brandstore_sdp_atf_topbadge-all_products&storeId=206142&subSourceType=brandstore_sdp_atf_topbadge-all_products&vendorId=A01321495&vendorItemId=90139928128,131
"샤오미 C타입 고속충전 케이블, 1개",13800,4.5,45,,//thumbnail6.coupangcdn.com/thumbnails/remote/230x230ex/image/retail/images/2021/05/13/14/7/b1160781-0c07-4e4f-bd69-266efa24b874.jpg,https://www.coupang.com/vp/products/5613552048?itemId=9077503307&searchId=53394cae924a451b906294322f3e1db4&sourceType=brandstore_sdp_atf_topbadge-all_products&storeId=206142&subSourceType=brandstore_sdp_atf_topbadge-all_products&vendorId=A01321495&vendorItemId=76363778394,132
"샤오미 14T 휴대폰, 타이탄블랙, 256GB",599800,4.5,157,,//thumbnail7.coupangcdn.com/thumbnails/remote/230x230ex/image/vendor_inventory/0c00/260c762a1783c498d850a2f647fd4ee821a20dd355edb18cc3bacd78a279.jpg,https://www.coupang.com/vp/products/8522633157?itemId=24674245696&searchId=53394cae924a451b906294322f3e1db4&sourceType=brandstore_sdp_atf_topbadge-all_products&storeId=206142&subSourceType=brandstore_sdp_atf_topbadge-all_products&vendorId=A01321495&vendorItemId=91684436082,133
"샤오미 14T 휴대폰, 레몬그린, 512GB",649800,4.5,157,,//thumbnail6.coupangcdn.com/thumbnails/remote/230x230ex/image/vendor_inventory/c9c7/854a1a56803f43efec327836f7bf835470e0da7be458a191811aaefcd286.jpg,https://www.coupang.com/vp/products/8522633157?itemId=24674245698&searchId=53394cae924a451b906294322f3e1db4&sourceType=brandstore_sdp_atf_topbadge-all_products&storeId=206142&subSourceType=brandstore_sdp_atf_topbadge-all_products&vendorId=A01321495&vendorItemId=91684436087,134
"샤오미 로봇 청소기 X10+ / X10 일회용 먼지봉투, 5개, B101GL-CHD",19800,,,,//thumbnail7.coupangcdn.com/thumbnails/remote/230x230ex/image/rs_quotation_api/1gqnhvfr/e11a0b8004f54445820327bcf7df3af0.jpeg,https://www.coupang.com/vp/products/8518458631?itemId=24662469825&searchId=53394cae924a451b906294322f3e1db4&sourceType=brandstore_sdp_atf_topbadge-all_products&storeId=206142&subSourceType=brandstore_sdp_atf_topbadge-all_products&vendorId=A01321495&vendorItemId=91672880404,135
"샤오미 진공 청소기 G20 Max D206, 회색",301920,,,5,//thumbnail10.coupangcdn.com/thumbnails/remote/230x230ex/image/retail/images/2025/05/09/17/2/246cbd9c-c4a3-4645-8250-d069fab67c48.jpg,https://www.coupang.com/vp/products/8763617793?itemId=25484405393&searchId=40e09c3f83b344d49f31a001b79c161c&sourceType=brandstore_sdp_atf_topbadge-all_products&storeId=206142&subSourceType=brandstore_sdp_atf_topbadge-all_products&vendorId=A01321495&vendorItemId=92476660566,136
샤오미 로봇청소기 X10+ / S10+ / X10 사이드 브러쉬,25280,4.5,3,,//thumbnail7.coupangcdn.com/thumbnails/remote/230x230ex/image/retail/images/2024/12/23/14/0/b9ad90f9-0e79-4549-bb86-5facfea1e017.png,https://www.coupang.com/vp/products/8305225725?itemId=24662538141&searchId=40e09c3f83b344d49f31a001b79c161c&sourceType=brandstore_sdp_atf_topbadge-all_products&storeId=206142&subSourceType=brandstore_sdp_atf_topbadge-all_products&vendorId=A01321495&vendorItemId=91672947218,137
"샤오미 4K UHD S Mini LED 스마트 디스플레이 TV, 165cm(65인치), L65MA-SPLEA, 스탠드형, 방문설치",998000,4.5,13,,//thumbnail9.coupangcdn.com/thumbnails/remote/230x230ex/image/retail/images/174402828544360-b2fe8f90-ec68-4f4f-a25c-a896d23ea85f.png,https://www.coupang.com/vp/products/8548437150?itemId=24754446539&searchId=40e09c3f83b344d49f31a001b79c161c&sourceType=brandstore_sdp_atf_topbadge-all_products&storeId=206142&subSourceType=brandstore_sdp_atf_topbadge-all_products&vendorId=A01321495&vendorItemId=91762885115,138
"샤오미 POCO X6 Pro 5G 공기계, 블랙, 512GB",449990,4.5,651,,//thumbnail9.coupangcdn.com/thumbnails/remote/230x230ex/image/vendor_inventory/6d57/4198a1eb900ead9a82df9262917dba493116f53e9b64abb589ed6b2a0a66.jpg,https://www.coupang.com/vp/products/8134872744?itemId=23106636866&searchId=40e09c3f83b344d49f31a001b79c161c&sourceType=brandstore_sdp_atf_topbadge-all_products&storeId=206142&subSourceType=brandstore_sdp_atf_topbadge-all_products&vendorId=A01321495&vendorItemId=90139928142,139
"샤오미 스마트 다기능 밥솥 2~6인용, MFB120A-3, 화이트",67170,4.5,16,,//thumbnail9.coupangcdn.com/thumbnails/remote/230x230ex/image/retail/images/2024/12/09/11/7/784c91e8-ff6b-4e50-8a5c-044c20421dee.jpg,https://www.coupang.com/vp/products/8497283674?itemId=24594089842&searchId=40e09c3f83b344d49f31a001b79c161c&sourceType=brandstore_sdp_atf_topbadge-all_products&storeId=206142&subSourceType=brandstore_sdp_atf_topbadge-all_products&vendorId=A01321495&vendorItemId=91605699595,140
"샤오미 포코 X7 Pro 자급제, 그린, 512GB",548000,5.0,290,,//thumbnail7.coupangcdn.com/thumbnails/remote/230x230ex/image/retail/images/2025/02/26/18/3/e51d35c4-ad35-4cc5-ac61-7bd8f9ef6a1a.jpg,https://www.coupang.com/vp/products/8615468071?itemId=25004767480&searchId=40e09c3f83b344d49f31a001b79c161c&sourceType=brandstore_sdp_atf_topbadge-all_products&storeId=206142&subSourceType=brandstore_sdp_atf_topbadge-all_products&vendorId=A01321495&vendorItemId=92009842312,141
"샤오미 미니 LED G Pro 27i 180Hz 게이밍 모니터, 68.47cm, P27QBA-RGPGL",448000,5.0,1,6,//thumbnail10.coupangcdn.com/thumbnails/remote/230x230ex/image/retail/images/546024590650725-1cab7c10-304d-47f5-b37a-7210364de3aa.jpg,https://www.coupang.com/vp/products/8497686862?itemId=24595990504&searchId=40e09c3f83b344d49f31a001b79c161c&sourceType=brandstore_sdp_atf_topbadge-all_products&storeId=206142&subSourceType=brandstore_sdp_atf_topbadge-all_products&vendorId=A01321495&vendorItemId=91607568627,142
"샤오미 비즈니스 노트북 백팩 XMSWB01RM, 블랙, 1개",78800,5.0,2,,//thumbnail9.coupangcdn.com/thumbnails/remote/230x230ex/image/retail/images/2024/12/05/14/7/1b70641f-c176-4017-9f50-b7894b476316.png,https://www.coupang.com/vp/products/8490728728?itemId=24574638442&searchId=40e09c3f83b344d49f31a001b79c161c&sourceType=brandstore_sdp_atf_topbadge-all_products&storeId=206142&subSourceType=brandstore_sdp_atf_topbadge-all_products&vendorId=A01321495&vendorItemId=91586555978,143
"샤오미 4K UHD 안드로이드 11 Max TV, 217cm(86인치), L86M7-ESTWN, 스탠드형, 방문설치",1698000,4.0,7,,//thumbnail9.coupangcdn.com/thumbnails/remote/230x230ex/image/retail/images/71988579222383-b0076147-b8ab-4683-939d-f3e722473079.png,https://www.coupang.com/vp/products/8253761505?itemId=23766089088&searchId=40e09c3f83b344d49f31a001b79c161c&sourceType=brandstore_sdp_atf_topbadge-all_products&storeId=206142&subSourceType=brandstore_sdp_atf_topbadge-all_products&vendorId=A01321495&vendorItemId=90790438172,144
"샤오미 Truclean W20 건습식 진공 무선 청소기 C305HW, 화이트",240150,5.0,1,6,//thumbnail10.coupangcdn.com/thumbnails/remote/230x230ex/image/retail/images/2025/03/06/15/7/bf02a5b1-3ae5-4e40-a6b5-1e0978c144ad.jpg,https://www.coupang.com/vp/products/8633910718?itemId=25049968040&searchId=40e09c3f83b344d49f31a001b79c161c&sourceType=brandstore_sdp_atf_topbadge-all_products&storeId=206142&subSourceType=brandstore_sdp_atf_topbadge-all_products&vendorId=A01321495&vendorItemId=92054439328,145
"샤오미 14T 휴대폰, 타이탄블루, 256GB",599800,4.5,157,,//thumbnail7.coupangcdn.com/thumbnails/remote/230x230ex/image/vendor_inventory/6fe3/aeb8f186d2787bfe7d0d23702059c45b9877eaf1797b1a8b0ec311012392.jpg,https://www.coupang.com/vp/products/8522633157?itemId=24674245693&searchId=40e09c3f83b344d49f31a001b79c161c&sourceType=brandstore_sdp_atf_topbadge-all_products&storeId=206142&subSourceType=brandstore_sdp_atf_topbadge-all_products&vendorId=A01321495&vendorItemId=91684436072,146
[쿠팡수입] 샤오미 미니 마사지 건 다크블루 XMFG-M352,176250,4.5,18,,//thumbnail10.coupangcdn.com/thumbnails/remote/230x230ex/image/retail/images/78364604391116-5c31d97f-5cf8-4cfa-b7d5-a93bb5ff7ec1.jpg,https://www.coupang.com/vp/products/7017874567?itemId=17270713217&searchId=40e09c3f83b344d49f31a001b79c161c&sourceType=brandstore_sdp_atf_topbadge-all_products&storeId=206142&subSourceType=brandstore_sdp_atf_topbadge-all_products&vendorId=A01321495&vendorItemId=84441851431,147
"샤오미 15 RAM 12GB, 화이트, 256GB",1109900,5.0,2,,//thumbnail7.coupangcdn.com/thumbnails/remote/230x230ex/image/retail/images/2025/06/10/14/3/854d32ea-b6d2-4ec7-9ea2-812387a7b870.jpg,https://www.coupang.com/vp/products/8829864164?itemId=25727766583&searchId=40e09c3f83b344d49f31a001b79c161c&sourceType=brandstore_sdp_atf_topbadge-all_products&storeId=206142&subSourceType=brandstore_sdp_atf_topbadge-all_products&vendorId=A01321495&vendorItemId=92716404359,148
"샤오미 FHD 디스플레이 G24i 180Hz 게이밍 모니터, 60.47cm, P24FCA-RGGL",139800,5.0,3,,//thumbnail7.coupangcdn.com/thumbnails/remote/230x230ex/image/retail/images/198624641113491-4ee28bf1-de7c-4864-b56d-68f92065e557.jpg,https://www.coupang.com/vp/products/8336285632?itemId=24071176024&searchId=40e09c3f83b344d49f31a001b79c161c&sourceType=brandstore_sdp_atf_topbadge-all_products&storeId=206142&subSourceType=brandstore_sdp_atf_topbadge-all_products&vendorId=A01321495&vendorItemId=91090889135,149
"샤오미 무선 블루투스 노래방 마이크 다크 그레이, XMKGMKF01YM",122940,5.0,36,,//thumbnail7.coupangcdn.com/thumbnails/remote/230x230ex/image/retail/images/2022/12/23/12/7/b99d2b94-8265-41db-8da6-2fad58a35257.jpg,https://www.coupang.com/vp/products/7017220662?itemId=17267275759&searchId=40e09c3f83b344d49f31a001b79c161c&sourceType=brandstore_sdp_atf_topbadge-all_products&storeId=206142&subSourceType=brandstore_sdp_atf_topbadge-all_products&vendorId=A01321495&vendorItemId=84438474904,150
"샤오미 4K UHD QLED 디스플레이 A Pro 스마트 TV, 165cm(65인치), L65MA-STWN, 벽걸이형, 방문설치",840300,4.5,66,,//thumbnail6.coupangcdn.com/thumbnails/remote/230x230ex/image/retail/images/30915453110929-71dbf713-d84a-4570-a01d-c7c9b373df49.jpg,https://www.coupang.com/vp/products/8542998201?itemId=24770253210&searchId=40e09c3f83b344d49f31a001b79c161c&sourceType=brandstore_sdp_atf_topbadge-all_products&storeId=206142&subSourceType=brandstore_sdp_atf_topbadge-all_products&vendorId=A01321495&vendorItemId=91778402678,151
"샤오미 15 ULTRA RAM 16GB, 화이트, 512GB",1699000,5.0,20,,//thumbnail7.coupangcdn.com/thumbnails/remote/230x230ex/image/retail/images/2025/03/14/18/5/10e9df88-baf5-4fa1-907f-eed28e83c968.jpg,https://www.coupang.com/vp/products/8653029392?itemId=25120305887&searchId=40e09c3f83b344d49f31a001b79c161c&sourceType=brandstore_sdp_atf_topbadge-all_products&storeId=206142&subSourceType=brandstore_sdp_atf_topbadge-all_products&vendorId=A01321495&vendorItemId=92119684639,152
"샤오미 FHD 게이밍 모니터, 68cm, P27FBB-RGGL",169800,4.5,20,,//thumbnail7.coupangcdn.com/thumbnails/remote/230x230ex/image/retail/images/1381558520972715-1772261c-e7f9-43c7-b22d-720d9a285b35.jpg,https://www.coupang.com/vp/products/8134833504?itemId=23106451973&searchId=40e09c3f83b344d49f31a001b79c161c&sourceType=brandstore_sdp_atf_topbadge-all_products&storeId=206142&subSourceType=brandstore_sdp_atf_topbadge-all_products&vendorId=A01321495&vendorItemId=90139745937,153
"샤오미 로봇청소기 X10+ / S10+ 로봇청소기 브러쉬 B101GL-ZS, 1개",15800,5.0,1,,//thumbnail6.coupangcdn.com/thumbnails/remote/230x230ex/image/retail/images/2080120446659997-26b38c7b-8544-4a97-af95-ea1f906fa640.png,https://www.coupang.com/vp/products/8518462768?itemId=24662487744&searchId=3b68a15b544c442c904aa0b4079e10f8&sourceType=brandstore_sdp_atf_topbadge-all_products&storeId=206142&subSourceType=brandstore_sdp_atf_topbadge-all_products&vendorId=A01321495&vendorItemId=91672897785,154
"샤오미 포코 F7 PRO RAM 12GB, 블루, 256GB",719990,5.0,12,,//thumbnail8.coupangcdn.com/thumbnails/remote/230x230ex/image/retail/images/2025/04/14/12/9/d08c7520-3061-4648-bfc7-52f49b961510.jpg,https://www.coupang.com/vp/products/8715442089?itemId=25312774535&searchId=3b68a15b544c442c904aa0b4079e10f8&sourceType=brandstore_sdp_atf_topbadge-all_products&storeId=206142&subSourceType=brandstore_sdp_atf_topbadge-all_products&vendorId=A01321495&vendorItemId=92307858425,155
"샤오미 14T 휴대폰, 레몬그린, 256GB",599800,4.5,157,,//thumbnail9.coupangcdn.com/thumbnails/remote/230x230ex/image/retail/images/2024/12/26/10/8/8cbd91aa-0df2-463c-a6e1-3c9439901d11.jpg,https://www.coupang.com/vp/products/8522633157?itemId=24674245691&searchId=3b68a15b544c442c904aa0b4079e10f8&sourceType=brandstore_sdp_atf_topbadge-all_products&storeId=206142&subSourceType=brandstore_sdp_atf_topbadge-all_products&vendorId=A01321495&vendorItemId=91684436068,156
"샤오미 스마트워치 스트랩 3종 세트, 아이보리, 올리브, 옐로우",13250,5.0,488,36,//thumbnail6.coupangcdn.com/thumbnails/remote/230x230ex/image/retail/images/2021/07/07/11/8/b369bb07-d4b6-41ec-9f81-b5c48ed39f3a.jpg,https://www.coupang.com/vp/products/5801558138?itemId=9951476519&searchId=3b68a15b544c442c904aa0b4079e10f8&sourceType=brandstore_sdp_atf_topbadge-all_products&storeId=206142&subSourceType=brandstore_sdp_atf_topbadge-all_products&vendorId=A01321495&vendorItemId=77234666017,157
"샤오미 포코 F7 PRO RAM 12GB, 실버, 256GB",719990,5.0,12,,//thumbnail9.coupangcdn.com/thumbnails/remote/230x230ex/image/retail/images/2025/04/14/12/8/56247dd7-8079-4934-a8d7-986f38685ab6.jpg,https://www.coupang.com/vp/products/8715442089?itemId=25312774539&searchId=3b68a15b544c442c904aa0b4079e10f8&sourceType=brandstore_sdp_atf_topbadge-all_products&storeId=206142&subSourceType=brandstore_sdp_atf_topbadge-all_products&vendorId=A01321495&vendorItemId=92307858433,158
"샤오미 무선 마우스 3 XMWXSB03YM, 핑크",21170,5.0,3,2,//thumbnail9.coupangcdn.com/thumbnails/remote/230x230ex/image/retail/images/2025/03/06/12/3/85bc2c75-afcc-4e5a-a128-600f602d576a.png,https://www.coupang.com/vp/products/8606995908?itemId=25049457646&searchId=3b68a15b544c442c904aa0b4079e10f8&sourceType=brandstore_sdp_atf_topbadge-all_products&storeId=206142&subSourceType=brandstore_sdp_atf_topbadge-all_products&vendorId=A01321495&vendorItemId=92053936701,159
"샤오미 무선 마우스 3 XMWXSB03YM, 화이트",21170,1.0,1,2,//thumbnail8.coupangcdn.com/thumbnails/remote/230x230ex/image/retail/images/2025/02/19/11/3/48fbf132-5b21-4ef8-aa80-2860a1c269a5.png,https://www.coupang.com/vp/products/8606974898?itemId=24960949590&searchId=3b68a15b544c442c904aa0b4079e10f8&sourceType=brandstore_sdp_atf_topbadge-all_products&storeId=206142&subSourceType=brandstore_sdp_atf_topbadge-all_products&vendorId=A01321495&vendorItemId=91966683925,160
"샤오미 패드 6 태블릿PC 8GB, 샴페인골드, 256GB, Wi-Fi",478000,5.0,392,,//thumbnail9.coupangcdn.com/thumbnails/remote/230x230ex/image/retail/images/103690909523553-fbe20857-c2bd-43ca-87a5-b9bf2c60deeb.png,https://www.coupang.com/vp/products/7518040642?itemId=19712665662&searchId=3b68a15b544c442c904aa0b4079e10f8&sourceType=brandstore_sdp_atf_topbadge-all_products&storeId=206142&subSourceType=brandstore_sdp_atf_topbadge-all_products&vendorId=A01321495&vendorItemId=86816995968,161
"샤오미 패드 6 태블릿PC 8GB, 샴페인 골드, 128GB, Wi-Fi",448000,5.0,392,,//thumbnail8.coupangcdn.com/thumbnails/remote/230x230ex/image/retail/images/103653435262613-336a37b8-cbdf-4dfb-ab6c-5fc4f9e70761.png,https://www.coupang.com/vp/products/7518040642?itemId=19712665659&searchId=3b68a15b544c442c904aa0b4079e10f8&sourceType=brandstore_sdp_atf_topbadge-all_products&storeId=206142&subSourceType=brandstore_sdp_atf_topbadge-all_products&vendorId=A01321495&vendorItemId=86816995958,162
"샤오미 15 RAM 12GB, 그린, 256GB",1109900,5.0,2,,//thumbnail10.coupangcdn.com/thumbnails/remote/230x230ex/image/retail/images/2025/06/10/14/1/90cb684f-bc73-41cb-bbd1-06354852daa7.jpg,https://www.coupang.com/vp/products/8829864164?itemId=25727766584&searchId=3b68a15b544c442c904aa0b4079e10f8&sourceType=brandstore_sdp_atf_topbadge-all_products&storeId=206142&subSourceType=brandstore_sdp_atf_topbadge-all_products&vendorId=A01321495&vendorItemId=92716404370,163
"샤오미 4K QLED 스마트 디스플레이 A Pro TV, 165cm(65인치), L65MA-STWN, 스탠드형, 방문설치",798000,4.5,66,,//thumbnail7.coupangcdn.com/thumbnails/remote/230x230ex/image/retail/images/71918142898990-89103960-a1db-425c-a487-b1bac4147b02.jpg,https://www.coupang.com/vp/products/8542998201?itemId=24735412937&searchId=3b68a15b544c442c904aa0b4079e10f8&sourceType=brandstore_sdp_atf_topbadge-all_products&storeId=206142&subSourceType=brandstore_sdp_atf_topbadge-all_products&vendorId=A01321495&vendorItemId=91744210675,164
"샤오미 포코 F7 PRO RAM 12GB, 블루, 512GB",799990,5.0,12,,//thumbnail6.coupangcdn.com/thumbnails/remote/230x230ex/image/retail/images/2025/04/14/12/7/2bbc3093-2d2c-4d89-80c1-c8cef7c17b3f.jpg,https://www.coupang.com/vp/products/8715442089?itemId=25312774548&searchId=3b68a15b544c442c904aa0b4079e10f8&sourceType=brandstore_sdp_atf_topbadge-all_products&storeId=206142&subSourceType=brandstore_sdp_atf_topbadge-all_products&vendorId=A01321495&vendorItemId=92307858447,165
"샤오미 로봇청소기 X20 Max 브러시 커버, 1개입, D109GL-ZSZ",17800,,,,//thumbnail8.coupangcdn.com/thumbnails/remote/230x230ex/image/retail/images/2025/04/03/14/0/7931c6b9-a778-47d0-89e7-cc9eee5537b7.png,https://www.coupang.com/vp/products/8693145278?itemId=25240005144&searchId=abbe0498500846e793e5a5687a890ef4&sourceType=brandstore_sdp_atf_topbadge-all_products&storeId=206142&subSourceType=brandstore_sdp_atf_topbadge-all_products&vendorId=A01321495&vendorItemId=92236078230,166
"샤오미 패드 7 태블릿PC RAM 8GB, 그린, 128GB, Wi-Fi",459800,5.0,31,,//thumbnail7.coupangcdn.com/thumbnails/remote/230x230ex/image/retail/images/2025/03/20/11/5/627138d9-51bd-4b89-9fc2-60dcddf57773.jpg,https://www.coupang.com/vp/products/8658434233?itemId=25142617446&searchId=abbe0498500846e793e5a5687a890ef4&sourceType=brandstore_sdp_atf_topbadge-all_products&storeId=206142&subSourceType=brandstore_sdp_atf_topbadge-all_products&vendorId=A01321495&vendorItemId=92141542503,167
"샤오미 패드 6 태블릿PC, 그래비티 그레이, 128GB, Wi-Fi",448000,5.0,392,,//thumbnail7.coupangcdn.com/thumbnails/remote/230x230ex/image/retail/images/2023/08/08/11/7/d29e54a0-d41c-492f-8dcd-0bc91e8b45e0.png,https://www.coupang.com/vp/products/7518040642?itemId=19712665667&searchId=abbe0498500846e793e5a5687a890ef4&sourceType=brandstore_sdp_atf_topbadge-all_products&storeId=206142&subSourceType=brandstore_sdp_atf_topbadge-all_products&vendorId=A01321495&vendorItemId=86816995991,168
"샤오미 POCO X6 Pro 5G 공기계, 옐로우, 256GB",399990,4.5,651,,//thumbnail7.coupangcdn.com/thumbnails/remote/230x230ex/image/retail/images/2024/05/30/10/2/a363ee62-6e61-4e55-9889-c8e81fe576c1.jpg,https://www.coupang.com/vp/products/8134872744?itemId=23106636855&searchId=abbe0498500846e793e5a5687a890ef4&sourceType=brandstore_sdp_atf_topbadge-all_products&storeId=206142&subSourceType=brandstore_sdp_atf_topbadge-all_products&vendorId=A01321495&vendorItemId=90139928079,169
"샤오미 패드 6 태블릿PC, 미스트 블루, 128GB, Wi-Fi",428000,5.0,104,,//thumbnail6.coupangcdn.com/thumbnails/remote/230x230ex/image/retail/images/2023/08/08/11/3/e35c1850-94f3-4bf0-83ba-182e3dbc9aca.png,https://www.coupang.com/vp/products/7518040561?itemId=19712665275&searchId=abbe0498500846e793e5a5687a890ef4&sourceType=brandstore_sdp_atf_topbadge-all_products&storeId=206142&subSourceType=brandstore_sdp_atf_topbadge-all_products&vendorId=A01321495&vendorItemId=86816995651,170
"샤오미 4K UHD LED TV, 165cm(65인치), L65MA-ATWN, 벽걸이형, 방문설치",690300,4.5,124,,//thumbnail7.coupangcdn.com/thumbnails/remote/230x230ex/image/retail/images/231282597470388-3e46f3d3-d6a4-498b-a8fe-670c6c1212b4.png,https://www.coupang.com/vp/products/8543109077?itemId=24770253245&searchId=abbe0498500846e793e5a5687a890ef4&sourceType=brandstore_sdp_atf_topbadge-all_products&storeId=206142&subSourceType=brandstore_sdp_atf_topbadge-all_products&vendorId=A01321495&vendorItemId=91778402765,171
"샤오미 포코 F7 PRO RAM 12GB, 실버, 512GB",799990,5.0,12,,//thumbnail8.coupangcdn.com/thumbnails/remote/230x230ex/image/retail/images/2025/04/14/12/7/89796177-af52-4abf-9fcc-826cfe44c968.jpg,https://www.coupang.com/vp/products/8715442089?itemId=25312774551&searchId=abbe0498500846e793e5a5687a890ef4&sourceType=brandstore_sdp_atf_topbadge-all_products&storeId=206142&subSourceType=brandstore_sdp_atf_topbadge-all_products&vendorId=A01321495&vendorItemId=92307858455,172
"샤오미 4K QLED 스마트 디스플레이 A Pro TV, 189cm(75인치), L75MA-STWN, 스탠드형, 방문설치",1098000,4.5,66,,//thumbnail10.coupangcdn.com/thumbnails/remote/230x230ex/image/retail/images/1105092171044-62b69ae3-af0f-47ac-a151-9e4faadfb6bc.png,https://www.coupang.com/vp/products/8542998201?itemId=24735468953&searchId=abbe0498500846e793e5a5687a890ef4&sourceType=brandstore_sdp_atf_topbadge-all_products&storeId=206142&subSourceType=brandstore_sdp_atf_topbadge-all_products&vendorId=A01321495&vendorItemId=91744264940,173
"샤오미 패드 6 태블릿PC 6GB, 샴페인골드, 128GB, Wi-Fi",428000,5.0,104,,//thumbnail7.coupangcdn.com/thumbnails/remote/230x230ex/image/retail/images/103490261117193-9129edf5-93c9-4e79-9fc8-92d9116333f6.png,https://www.coupang.com/vp/products/7518040561?itemId=19712665271&searchId=abbe0498500846e793e5a5687a890ef4&sourceType=brandstore_sdp_atf_topbadge-all_products&storeId=206142&subSourceType=brandstore_sdp_atf_topbadge-all_products&vendorId=A01321495&vendorItemId=86816995633,174
"샤오미 패드 6 태블릿PC 8GB, 미스트 블루, 128GB, Wi-Fi",448000,5.0,392,,//thumbnail6.coupangcdn.com/thumbnails/remote/230x230ex/image/retail/images/2023/08/08/11/3/e35c1850-94f3-4bf0-83ba-182e3dbc9aca.png,https://www.coupang.com/vp/products/7518040642?itemId=19712665654&searchId=abbe0498500846e793e5a5687a890ef4&sourceType=brandstore_sdp_atf_topbadge-all_products&storeId=206142&subSourceType=brandstore_sdp_atf_topbadge-all_products&vendorId=A01321495&vendorItemId=86816995950,175
"샤오미 롤탑 캐주얼 노트북 백팩, 락 그레이, 1개",69940,5.0,1,,//thumbnail7.coupangcdn.com/thumbnails/remote/230x230ex/image/retail/images/2024/12/05/11/7/17029579-f879-430d-ae9a-864942162d17.jpg,https://www.coupang.com/vp/products/8490364131?itemId=24574006656&searchId=abbe0498500846e793e5a5687a890ef4&sourceType=brandstore_sdp_atf_topbadge-all_products&storeId=206142&subSourceType=brandstore_sdp_atf_topbadge-all_products&vendorId=A01321495&vendorItemId=91585938738,176
"샤오미 4K UHD S Mini LED 디스플레이 스마트 TV, 189cm(75인치), L75MA-SPLEA, 스탠드형, 방문설치",1698000,4.5,13,,//thumbnail6.coupangcdn.com/thumbnails/remote/230x230ex/image/retail/images/174402635347029-e385dece-3505-49e8-a47a-6cf3df1204d2.png,https://www.coupang.com/vp/products/8548437150?itemId=24740637067&searchId=abbe0498500846e793e5a5687a890ef4&sourceType=brandstore_sdp_atf_topbadge-all_products&storeId=206142&subSourceType=brandstore_sdp_atf_topbadge-all_products&vendorId=A01321495&vendorItemId=91749333496,177
"샤오미 15 RAM 12GB, 블랙, 256GB",1109900,5.0,2,,//thumbnail10.coupangcdn.com/thumbnails/remote/230x230ex/image/retail/images/2025/06/10/14/2/fc398a19-a999-4f69-b765-7a551f82c899.jpg,https://www.coupang.com/vp/products/8829864164?itemId=25727766588&searchId=d2009ea50a1b48839a1a794c623fa38f&sourceType=brandstore_sdp_atf_topbadge-all_products&storeId=206142&subSourceType=brandstore_sdp_atf_topbadge-all_products&vendorId=A01321495&vendorItemId=92716404379,178
"샤오미 15 RAM 12GB, 그린, 512GB",1149500,5.0,2,,//thumbnail10.coupangcdn.com/thumbnails/remote/230x230ex/image/retail/images/2025/06/10/14/1/90cb684f-bc73-41cb-bbd1-06354852daa7.jpg,https://www.coupang.com/vp/products/8829864164?itemId=25727766590&searchId=2e8edc01642147ab930f54397ca67ab3&sourceType=brandstore_sdp_atf_topbadge-all_products&storeId=206142&subSourceType=brandstore_sdp_atf_topbadge-all_products&vendorId=A01321495&vendorItemId=92716404408,179
"샤오미 4K UHD S Mini LED 디스플레이 스마트 TV, 189cm(75인치), L75MA-SPLEA, 벽걸이형, 방문설치",1747500,4.5,13,,//thumbnail6.coupangcdn.com/thumbnails/remote/230x230ex/image/retail/images/174402635347029-e385dece-3505-49e8-a47a-6cf3df1204d2.png,https://www.coupang.com/vp/products/8548437150?itemId=24803684594&searchId=125525dd7602449da47228cc53452a59&sourceType=brandstore_sdp_atf_topbadge-all_products&storeId=206142&subSourceType=brandstore_sdp_atf_topbadge-all_products&vendorId=A01321495&vendorItemId=91811356170,180
"샤오미 레드미 노트 12 프로 공기계 8GB + 256GB, 스타블루",612400,4.5,52,,//thumbnail6.coupangcdn.com/thumbnails/remote/230x230ex/image/retail/images/2023/05/12/10/1/4050ec8c-4b14-45bd-a314-110a6ef1ed5f.jpg,https://www.coupang.com/vp/products/7329598033?itemId=18814920107&searchId=125525dd7602449da47228cc53452a59&sourceType=brandstore_sdp_atf_topbadge-all_products&storeId=206142&subSourceType=brandstore_sdp_atf_topbadge-all_products&vendorId=A01321495&vendorItemId=85945393775,181
"샤오미 메시 시스템 BE3600 Pro 공유기, 1개, RN09",108500,,,,//thumbnail9.coupangcdn.com/thumbnails/remote/230x230ex/image/retail/images/2025/06/19/9/2/86d1efc6-ee58-4752-9e00-cdd4b80a1df4.jpg,https://www.coupang.com/vp/products/8852782395?itemId=25809010383&searchId=125525dd7602449da47228cc53452a59&sourceType=brandstore_sdp_atf_topbadge-all_products&storeId=206142&subSourceType=brandstore_sdp_atf_topbadge-all_products&vendorId=A01321495&vendorItemId=92796294524,182
"Xiaomi 로봇청소기 X20 Max / Pro 자동 털 절단 브러시, 1개, D109GL-GMZS",24800,,,,//thumbnail9.coupangcdn.com/thumbnails/remote/230x230ex/image/retail/images/2025/04/15/11/7/d7bb4eee-21be-4e4e-8a70-d896c045605c.png,https://www.coupang.com/vp/products/8717228227?itemId=25319182328&searchId=f8bef63ccaa54573a703a5e8234e080e&sourceType=brandstore_sdp_atf_topbadge-all_products&storeId=206142&subSourceType=brandstore_sdp_atf_topbadge-all_products&vendorId=A01321495&vendorItemId=92314174816,183
"샤오미 레드미 노트 14 PRO 12GB, 코랄 그린, 512GB",499400,4.5,90,,//thumbnail9.coupangcdn.com/thumbnails/remote/230x230ex/image/retail/images/2025/01/07/17/2/36f61b8c-b0e1-4926-ac82-ae77dcf162d4.jpg,https://www.coupang.com/vp/products/8540019824?itemId=24724662689&searchId=f8bef63ccaa54573a703a5e8234e080e&sourceType=brandstore_sdp_atf_topbadge-all_products&storeId=206142&subSourceType=brandstore_sdp_atf_topbadge-all_products&vendorId=A01321495&vendorItemId=91733825078,184
"샤오미 미밴드 6 스마트밴드, 블랙(한글판)",49900,5.0,22491,,//thumbnail8.coupangcdn.com/thumbnails/remote/230x230ex/image/retail/images/1748358855357913-390dcccf-f14b-4a9c-956b-e23a08b6e6e9.jpg,https://www.coupang.com/vp/products/5562070363?itemId=8824925995&searchId=5d377bae20d54e519b6ebda4fec42a78&sourceType=brandstore_sdp_atf_topbadge-all_products&storeId=206142&subSourceType=brandstore_sdp_atf_topbadge-all_products&vendorId=A01321495&vendorItemId=76111755992,185
"[쿠팡수입] 샤오미 홍미노트 10, 페블 화이트, 128GB",218000,4.5,138,,//thumbnail7.coupangcdn.com/thumbnails/remote/230x230ex/image/retail/images/2021/03/29/16/6/54e00505-53ee-42d6-a7d7-2ec45e6886c9.jpg,https://www.coupang.com/vp/products/5258393798?itemId=7465245972&searchId=5d377bae20d54e519b6ebda4fec42a78&sourceType=brandstore_sdp_atf_topbadge-all_products&storeId=206142&subSourceType=brandstore_sdp_atf_topbadge-all_products&vendorId=A01321495&vendorItemId=74756095037,186
"[쿠팡수입] 샤오미 Redmi 10 공기계 128GB, 그레이",189000,4.5,326,24,//thumbnail6.coupangcdn.com/thumbnails/remote/230x230ex/image/retail/images/2021/11/09/18/5/7f4d00ce-94c5-4a22-8bb1-ce25039786e6.jpg,https://www.coupang.com/vp/products/6171225232?itemId=12047491765&searchId=5d377bae20d54e519b6ebda4fec42a78&sourceType=brandstore_sdp_atf_topbadge-all_products&storeId=206142&subSourceType=brandstore_sdp_atf_topbadge-all_products&vendorId=A01321495&vendorItemId=79319683328,187
"샤오미 Redmi 워치 2 라이트, 블랙, 39.3mm, GPS",100850,4.5,1964,,//thumbnail9.coupangcdn.com/thumbnails/remote/230x230ex/image/retail/images/2261853155172299-dea5e37e-8ef7-434c-9960-58fef9f58874.jpg,https://www.coupang.com/vp/products/6172367945?itemId=12057185210&searchId=5d377bae20d54e519b6ebda4fec42a78&sourceType=brandstore_sdp_atf_topbadge-all_products&storeId=206142&subSourceType=brandstore_sdp_atf_topbadge-all_products&vendorId=A01321495&vendorItemId=79329322252,188
"샤오미 레드미 버즈 에센셜 블루투스 5.2 이어폰, M2222E1, 블루",30750,4.5,335,,//thumbnail8.coupangcdn.com/thumbnails/remote/230x230ex/image/retail/images/2023/01/30/14/1/d0a814ff-4cc6-45cb-b904-025d40cda70d.jpg,https://www.coupang.com/vp/products/7099280817?itemId=17716422045&searchId=5d377bae20d54e519b6ebda4fec42a78&sourceType=brandstore_sdp_atf_topbadge-all_products&storeId=206142&subSourceType=brandstore_sdp_atf_topbadge-all_products&vendorId=A01321495&vendorItemId=84881269185,189
"샤오미 레드미 노트 12 프로 공기계 8GB + 256GB, 글래시어블루",419800,4.5,52,,//thumbnail6.coupangcdn.com/thumbnails/remote/230x230ex/image/retail/images/2023/05/12/10/1/892baf26-02f6-4fbd-bfc8-6e1e62367d15.jpg,https://www.coupang.com/vp/products/7329598033?itemId=18814920109&searchId=5d377bae20d54e519b6ebda4fec42a78&sourceType=brandstore_sdp_atf_topbadge-all_products&storeId=206142&subSourceType=brandstore_sdp_atf_topbadge-all_products&vendorId=A01321495&vendorItemId=85945393789,190
"샤오미 스마트 밴드 10, 펄화이트, 46.57mm, 블루투스",79800,,,,//thumbnail8.coupangcdn.com/thumbnails/remote/230x230ex/image/retail/images/2025/06/18/12/6/55b1e375-acbd-46b8-a5c3-f1a253558a8f.jpg,https://www.coupang.com/vp/products/8849988742?itemId=25798332885&searchId=5d377bae20d54e519b6ebda4fec42a78&sourceType=brandstore_sdp_atf_topbadge-all_products&storeId=206142&subSourceType=brandstore_sdp_atf_topbadge-all_products&vendorId=A01321495&vendorItemId=92785979923,191
"샤오미 레드미 노트 13 Pro, 미드나잇블랙, 512GB",449900,5.0,267,10,//thumbnail9.coupangcdn.com/thumbnails/remote/230x230ex/image/retail/images/1328627662731561-6a196a7c-0bdb-4214-8b01-dc6864e1714b.jpg,https://www.coupang.com/vp/products/7920960870?itemId=21760921024&searchId=5d377bae20d54e519b6ebda4fec42a78&sourceType=brandstore_sdp_atf_topbadge-all_products&storeId=206142&subSourceType=brandstore_sdp_atf_topbadge-all_products&vendorId=A01321495&vendorItemId=88809886804,192
"샤오미 레드미 노트 12 프로 플러스 5G 공기계 8GB + 256GB, 블랙",399000,4.5,95,29,//thumbnail7.coupangcdn.com/thumbnails/remote/230x230ex/image/retail/images/2023/06/09/14/8/5a0d30d6-c8f4-49a4-b1ef-6b80085135b4.jpg,https://www.coupang.com/vp/products/7390425534?itemId=19106188421&searchId=5d377bae20d54e519b6ebda4fec42a78&sourceType=brandstore_sdp_atf_topbadge-all_products&storeId=206142&subSourceType=brandstore_sdp_atf_topbadge-all_products&vendorId=A01321495&vendorItemId=86226554538,193
"샤오미 레드미 버즈 4 액티브 블루투스이어폰, M2232E1, 화이트",11980,4.5,4138,32,//thumbnail6.coupangcdn.com/thumbnails/remote/230x230ex/image/vendor_inventory/8a04/e8b0937d0180fb58150ac35d87ecf528a69d43c06c0254fcef2f9d000eda.jpg,https://www.coupang.com/vp/products/7488855797?itemId=22509552009&searchId=5d377bae20d54e519b6ebda4fec42a78&sourceType=brandstore_sdp_atf_topbadge-all_products&storeId=206142&subSourceType=brandstore_sdp_atf_topbadge-all_products&vendorId=A01321495&vendorItemId=89551644360,194
"[쿠팡수입] 샤오미 46.5mm 액티브 스마트워치 S1 3.63cm GPS, 오션 블루",98000,4.5,545,57,//thumbnail8.coupangcdn.com/thumbnails/remote/230x230ex/image/retail/images/2022/04/19/10/9/c120ad28-adb5-421b-87d5-4b3cde86f278.jpg,https://www.coupang.com/vp/products/6483001802?itemId=14199851993&searchId=5d377bae20d54e519b6ebda4fec42a78&sourceType=brandstore_sdp_atf_topbadge-all_products&storeId=206142&subSourceType=brandstore_sdp_atf_topbadge-all_products&vendorId=A01321495&vendorItemId=81445418265,195
"샤오미 레드미 노트 13 Pro, 오로라퍼플, 512GB",449900,5.0,267,10,//thumbnail8.coupangcdn.com/thumbnails/remote/230x230ex/image/vendor_inventory/3cfb/bf7d34966ba0f8e70fa1708b7c4dc163d325212315f2aa80c561322ba251.jpg,https://www.coupang.com/vp/products/7920960870?itemId=21760921021&searchId=5d377bae20d54e519b6ebda4fec42a78&sourceType=brandstore_sdp_atf_topbadge-all_products&storeId=206142&subSourceType=brandstore_sdp_atf_topbadge-all_products&vendorId=A01321495&vendorItemId=88809886761,196
"샤오미 미밴드 8 스마트밴드, 샴페인 골드, 48mm",29800,5.0,3404,40,//thumbnail8.coupangcdn.com/thumbnails/remote/230x230ex/image/retail/images/1585223945043911-d4d09c51-bca3-4983-90c8-8effe979af48.jpg,https://www.coupang.com/vp/products/7595564046?itemId=20080586000&searchId=5d377bae20d54e519b6ebda4fec42a78&sourceType=brandstore_sdp_atf_topbadge-all_products&storeId=206142&subSourceType=brandstore_sdp_atf_topbadge-all_products&vendorId=A01321495&vendorItemId=87176179707,197
"[쿠팡수입] 샤오미 레드미 노트 11 공기계 6GB + 128GB, 그라파이트 그레이",277500,4.5,351,7,//thumbnail7.coupangcdn.com/thumbnails/remote/230x230ex/image/retail/images/544050405334838-e4c6a81b-59f4-42b0-a8d7-4349432f6980.jpg,https://www.coupang.com/vp/products/6455188365?itemId=14029234524&searchId=5d377bae20d54e519b6ebda4fec42a78&sourceType=brandstore_sdp_atf_topbadge-all_products&storeId=206142&subSourceType=brandstore_sdp_atf_topbadge-all_products&vendorId=A01321495&vendorItemId=81277626068,198
"샤오미 로봇청소기 X20+ / X10+ 물걸레 패드, 2개, B101GL-TB",15800,,,,//thumbnail7.coupangcdn.com/thumbnails/remote/230x230ex/image/retail/images/2025/05/13/17/7/39a020f9-5904-479c-89d4-9a3abeef302c.png,https://www.coupang.com/vp/products/8771838897?itemId=25516210463&searchId=5d377bae20d54e519b6ebda4fec42a78&sourceType=brandstore_sdp_atf_topbadge-all_products&storeId=206142&subSourceType=brandstore_sdp_atf_topbadge-all_products&vendorId=A01321495&vendorItemId=92508124227,199
"샤오미 미밴드 8 액티브 스마트밴드, 핑크, 3.7cm, 블루투스",39900,4.5,2454,,//thumbnail7.coupangcdn.com/thumbnails/remote/230x230ex/image/1025_amir_coupang_oct_80k/128f/8facc4b43079a960e6267ac49b0db9f1aa3a03719cbd5fd7fd7ac83b36d3.jpg,https://www.coupang.com/vp/products/7597127928?itemId=20088292472&searchId=5d377bae20d54e519b6ebda4fec42a78&sourceType=brandstore_sdp_atf_topbadge-all_products&storeId=206142&subSourceType=brandstore_sdp_atf_topbadge-all_products&vendorId=A01321495&vendorItemId=87183713042,200
"샤오미 레드미 노트 12 프로 공기계 6GB + 128GB, 글래시어블루",399300,4.5,89,,//thumbnail6.coupangcdn.com/thumbnails/remote/230x230ex/image/retail/images/2023/05/12/10/1/892baf26-02f6-4fbd-bfc8-6e1e62367d15.jpg,https://www.coupang.com/vp/products/7329598028?itemId=18814920078&searchId=5d377bae20d54e519b6ebda4fec42a78&sourceType=brandstore_sdp_atf_topbadge-all_products&storeId=206142&subSourceType=brandstore_sdp_atf_topbadge-all_products&vendorId=A01321495&vendorItemId=85945393763,201
"[쿠팡수입] 샤오미 홍미노트 11 Pro 5G 공기계 RAM 8GB, 폴라 화이트, 128GB",308800,4.5,433,28,//thumbnail9.coupangcdn.com/thumbnails/remote/230x230ex/image/retail/images/8828449421612188-d811ff8a-e6fe-4a5f-8247-2961ec9c9f7f.jpg,https://www.coupang.com/vp/products/6444289104?itemId=13961001100&searchId=5d377bae20d54e519b6ebda4fec42a78&sourceType=brandstore_sdp_atf_topbadge-all_products&storeId=206142&subSourceType=brandstore_sdp_atf_topbadge-all_products&vendorId=A01321495&vendorItemId=81210032092,202
"[쿠팡수입] 샤오미 스마트워치 스트랩 3종 세트, 블랙, 오렌지, 블루",17900,5.0,488,7,//thumbnail8.coupangcdn.com/thumbnails/remote/230x230ex/image/retail/images/2021/07/07/11/6/766ddd6a-41f8-4e64-93b0-99dfaa1f6f45.jpg,https://www.coupang.com/vp/products/5801558138?itemId=9951476573&searchId=5d377bae20d54e519b6ebda4fec42a78&sourceType=brandstore_sdp_atf_topbadge-all_products&storeId=206142&subSourceType=brandstore_sdp_atf_topbadge-all_products&vendorId=A01321495&vendorItemId=77234666079,203
"[쿠팡수입] 샤오미 홍미노트 10 Pro 공기계 128GB, 그라디언트 브론즈",269000,4.5,64,6,//thumbnail10.coupangcdn.com/thumbnails/remote/230x230ex/image/retail/images/1307116044663913-15f5edbf-b4c5-4721-8fbd-e20545912f87.jpg,https://www.coupang.com/vp/products/6543735516?itemId=14580111105&searchId=5d377bae20d54e519b6ebda4fec42a78&sourceType=brandstore_sdp_atf_topbadge-all_products&storeId=206142&subSourceType=brandstore_sdp_atf_topbadge-all_products&vendorId=A01321495&vendorItemId=81822202290,204
"샤오미 레드미 노트 14 PRO 12GB, 미드나이트 블랙, 512GB",499400,4.5,90,,//thumbnail8.coupangcdn.com/thumbnails/remote/230x230ex/image/retail/images/2025/01/07/17/3/ac72a153-0507-4383-8ec6-cf3e678a8516.jpg,https://www.coupang.com/vp/products/8540019824?itemId=24724662687&searchId=1a584ff82f4b4a6bb28be647174785dd&sourceType=brandstore_sdp_atf_topbadge-all_products&storeId=206142&subSourceType=brandstore_sdp_atf_topbadge-all_products&vendorId=A01321495&vendorItemId=91733825073,205
"샤오미 15 RAM 12GB, 블랙, 512GB",1149500,5.0,2,,//thumbnail10.coupangcdn.com/thumbnails/remote/230x230ex/image/retail/images/2025/06/10/14/2/fc398a19-a999-4f69-b765-7a551f82c899.jpg,https://www.coupang.com/vp/products/8829864164?itemId=25727766591&searchId=1a584ff82f4b4a6bb28be647174785dd&sourceType=brandstore_sdp_atf_topbadge-all_products&storeId=206142&subSourceType=brandstore_sdp_atf_topbadge-all_products&vendorId=A01321495&vendorItemId=92716404419,206
"샤오미 태블릿PC 강화 액정보호필름 세트, 혼합색상",15800,4.5,5,,//thumbnail9.coupangcdn.com/thumbnails/remote/230x230ex/image/retail/images/3587529358900250-459a4af7-4b0e-4c92-8c89-ff711bec0f21.png,https://www.coupang.com/vp/products/7557393378?itemId=19902706088&searchId=847415c637d4421bbb5b4ee76addc5f3&sourceType=brandstore_sdp_atf_topbadge-all_products&storeId=206142&subSourceType=brandstore_sdp_atf_topbadge-all_products&vendorId=A01321495&vendorItemId=87863988363,207
"샤오미 전기 토스터, XMTSJ01FD",33800,,,,//thumbnail7.coupangcdn.com/thumbnails/remote/230x230ex/image/retail/images/2025/05/27/13/1/7c9b5fd0-8311-4321-9a90-2c82ce7fbb29.jpg,https://www.coupang.com/vp/products/8799111690?itemId=25619215513&searchId=f49270b3956e4c899c35630846a8f342&sourceType=brandstore_sdp_atf_topbadge-all_products&storeId=206142&subSourceType=brandstore_sdp_atf_topbadge-all_products&vendorId=A01321495&vendorItemId=92609548138,208
"샤오미 게이밍 마우스 라이트, 블랙, YXSB01YM",27970,5.0,1,2,//thumbnail8.coupangcdn.com/thumbnails/remote/230x230ex/image/retail/images/2025/02/14/17/8/d6b4e278-1f85-4045-b69a-6f8ea775b03c.png,https://www.coupang.com/vp/products/8599845066?itemId=24936182555&searchId=f49270b3956e4c899c35630846a8f342&sourceType=brandstore_sdp_atf_topbadge-all_products&storeId=206142&subSourceType=brandstore_sdp_atf_topbadge-all_products&vendorId=A01321495&vendorItemId=91942254681,209
"샤오미 15 RAM 12GB, 화이트, 512GB",1149500,5.0,2,,//thumbnail7.coupangcdn.com/thumbnails/remote/230x230ex/image/retail/images/2025/06/10/14/3/854d32ea-b6d2-4ec7-9ea2-812387a7b870.jpg,https://www.coupang.com/vp/products/8829864164?itemId=25727766589&searchId=f49270b3956e4c899c35630846a8f342&sourceType=brandstore_sdp_atf_topbadge-all_products&storeId=206142&subSourceType=brandstore_sdp_atf_topbadge-all_products&vendorId=A01321495&vendorItemId=92716404392,210
"샤오미 레드미 노트 14 PRO 휴대폰, 라벤더 퍼플, 512GB",499400,4.5,90,,//thumbnail8.coupangcdn.com/thumbnails/remote/230x230ex/image/vendor_inventory/b057/50c1b33f5dfbc166acc53bac576112d1c77d16af0d506ed71970a71249e4.jpg,https://www.coupang.com/vp/products/8540019824?itemId=24724662688&searchId=b035aa1e78324253bbeda51487a22712&sourceType=brandstore_sdp_atf_topbadge-all_products&storeId=206142&subSourceType=brandstore_sdp_atf_topbadge-all_products&vendorId=A01321495&vendorItemId=91733825075,211
